ISO-10303-21;
HEADER;
/* Generated by software containing ST-Developer
 * from STEP Tools, Inc. (www.steptools.com) 
 */
/* OPTION: using custom renumber hook */

FILE_DESCRIPTION(
/* description */ ('STEP AP242 Edition 2',
'CAx-IF Rec.Pracs.---Representation and Presentation of Product Manufa
cturing Information (PMI)---4.0---2014-10-13',
'CAx-IF Rec.Pracs.---3D Tessellated Geometry---0.4---2014-09-14','2;1',
'CAx-IF Rec.Pracs.---User Defined Attributes---1.5---2016-08-15'),
/* implementation_level */ '2;1');

FILE_NAME(
/* name */ '6a6cf632ff5697446494ea75',
/* time_stamp */ '2026-07-31T19:23:31Z',
/* author */ (''),
/* organization */ (''),
/* preprocessor_version */ 'ST-DEVELOPER v20',
/* originating_system */ 'ONSHAPE BY PTC INC, 1.218',
/* authorisation */ '  ');

FILE_SCHEMA (('AP242_MANAGED_MODEL_BASED_3D_ENGINEERING_MIM_LF { 1 0 10303 442 3 1 4 }'));
ENDSEC;

DATA;
#10=CONICAL_SURFACE('',#726,0.0375,0.896055384571344);
#11=TOROIDAL_SURFACE('',#703,0.125,0.05);
#12=TOROIDAL_SURFACE('',#728,0.0435,0.006);
#13=TOROIDAL_SURFACE('',#729,0.0435,0.006);
#14=TOROIDAL_SURFACE('',#730,0.044,0.006);
#15=B_SPLINE_SURFACE_WITH_KNOTS('',3,1,((#1005,#1006,#1007),(#1008,#1009,
#1010),(#1011,#1012,#1013),(#1014,#1015,#1016),(#1017,#1018,#1019),(#1020,
#1021,#1022),(#1023,#1024,#1025),(#1026,#1027,#1028),(#1029,#1030,#1031),
(#1032,#1033,#1034),(#1035,#1036,#1037),(#1038,#1039,#1040),(#1041,#1042,
#1043),(#1044,#1045,#1046),(#1047,#1048,#1049),(#1050,#1051,#1052),(#1053,
#1054,#1055),(#1056,#1057,#1058),(#1059,#1060,#1061),(#1062,#1063,#1064),
(#1065,#1066,#1067),(#1068,#1069,#1070),(#1071,#1072,#1073),(#1074,#1075,
#1076),(#1077,#1078,#1079),(#1080,#1081,#1082),(#1083,#1084,#1085),(#1086,
#1087,#1088),(#1089,#1090,#1091),(#1092,#1093,#1094),(#1095,#1096,#1097),
(#1098,#1099,#1100),(#1101,#1102,#1103),(#1104,#1105,#1106),(#1107,#1108,
#1109),(#1110,#1111,#1112),(#1113,#1114,#1115),(#1116,#1117,#1118),(#1119,
#1120,#1121),(#1122,#1123,#1124),(#1125,#1126,#1127),(#1128,#1129,#1130),
(#1131,#1132,#1133),(#1134,#1135,#1136),(#1137,#1138,#1139),(#1140,#1141,
#1142),(#1143,#1144,#1145),(#1146,#1147,#1148),(#1149,#1150,#1151),(#1152,
#1153,#1154),(#1155,#1156,#1157),(#1158,#1159,#1160),(#1161,#1162,#1163),
(#1164,#1165,#1166),(#1167,#1168,#1169),(#1170,#1171,#1172),(#1173,#1174,
#1175),(#1176,#1177,#1178),(#1179,#1180,#1181),(#1182,#1183,#1184),(#1185,
#1186,#1187),(#1188,#1189,#1190),(#1191,#1192,#1193),(#1194,#1195,#1196),
(#1197,#1198,#1199),(#1200,#1201,#1202),(#1203,#1204,#1205),(#1206,#1207,
#1208),(#1209,#1210,#1211),(#1212,#1213,#1214),(#1215,#1216,#1217),(#1218,
#1219,#1220),(#1221,#1222,#1223),(#1224,#1225,#1226),(#1227,#1228,#1229),
(#1230,#1231,#1232),(#1233,#1234,#1235),(#1236,#1237,#1238),(#1239,#1240,
#1241),(#1242,#1243,#1244),(#1245,#1246,#1247),(#1248,#1249,#1250),(#1251,
#1252,#1253),(#1254,#1255,#1256),(#1257,#1258,#1259),(#1260,#1261,#1262),
(#1263,#1264,#1265),(#1266,#1267,#1268),(#1269,#1270,#1271),(#1272,#1273,
#1274),(#1275,#1276,#1277),(#1278,#1279,#1280),(#1281,#1282,#1283),(#1284,
#1285,#1286),(#1287,#1288,#1289),(#1290,#1291,#1292),(#1293,#1294,#1295),
(#1296,#1297,#1298),(#1299,#1300,#1301),(#1302,#1303,#1304),(#1305,#1306,
#1307),(#1308,#1309,#1310),(#1311,#1312,#1313),(#1314,#1315,#1316),(#1317,
#1318,#1319),(#1320,#1321,#1322),(#1323,#1324,#1325),(#1326,#1327,#1328),
(#1329,#1330,#1331),(#1332,#1333,#1334),(#1335,#1336,#1337),(#1338,#1339,
#1340),(#1341,#1342,#1343),(#1344,#1345,#1346),(#1347,#1348,#1349),(#1350,
#1351,#1352),(#1353,#1354,#1355),(#1356,#1357,#1358),(#1359,#1360,#1361),
(#1362,#1363,#1364),(#1365,#1366,#1367),(#1368,#1369,#1370),(#1371,#1372,
#1373),(#1374,#1375,#1376),(#1377,#1378,#1379),(#1380,#1381,#1382),(#1383,
#1384,#1385),(#1386,#1387,#1388),(#1389,#1390,#1391),(#1392,#1393,#1394),
(#1395,#1396,#1397),(#1398,#1399,#1400),(#1401,#1402,#1403),(#1404,#1405,
#1406),(#1407,#1408,#1409),(#1410,#1411,#1412),(#1413,#1414,#1415),(#1416,
#1417,#1418),(#1419,#1420,#1421),(#1422,#1423,#1424),(#1425,#1426,#1427),
(#1428,#1429,#1430),(#1431,#1432,#1433),(#1434,#1435,#1436),(#1437,#1438,
#1439),(#1440,#1441,#1442),(#1443,#1444,#1445),(#1446,#1447,#1448),(#1449,
#1450,#1451),(#1452,#1453,#1454),(#1455,#1456,#1457),(#1458,#1459,#1460),
(#1461,#1462,#1463),(#1464,#1465,#1466),(#1467,#1468,#1469),(#1470,#1471,
#1472),(#1473,#1474,#1475),(#1476,#1477,#1478),(#1479,#1480,#1481),(#1482,
#1483,#1484),(#1485,#1486,#1487),(#1488,#1489,#1490),(#1491,#1492,#1493),
(#1494,#1495,#1496),(#1497,#1498,#1499),(#1500,#1501,#1502),(#1503,#1504,
#1505),(#1506,#1507,#1508),(#1509,#1510,#1511),(#1512,#1513,#1514),(#1515,
#1516,#1517),(#1518,#1519,#1520),(#1521,#1522,#1523),(#1524,#1525,#1526),
(#1527,#1528,#1529),(#1530,#1531,#1532),(#1533,#1534,#1535),(#1536,#1537,
#1538),(#1539,#1540,#1541),(#1542,#1543,#1544),(#1545,#1546,#1547),(#1548,
#1549,#1550),(#1551,#1552,#1553),(#1554,#1555,#1556),(#1557,#1558,#1559),
(#1560,#1561,#1562),(#1563,#1564,#1565),(#1566,#1567,#1568),(#1569,#1570,
#1571),(#1572,#1573,#1574),(#1575,#1576,#1577),(#1578,#1579,#1580),(#1581,
#1582,#1583),(#1584,#1585,#1586),(#1587,#1588,#1589),(#1590,#1591,#1592),
(#1593,#1594,#1595),(#1596,#1597,#1598),(#1599,#1600,#1601),(#1602,#1603,
#1604),(#1605,#1606,#1607),(#1608,#1609,#1610),(#1611,#1612,#1613),(#1614,
#1615,#1616),(#1617,#1618,#1619),(#1620,#1621,#1622),(#1623,#1624,#1625),
(#1626,#1627,#1628),(#1629,#1630,#1631),(#1632,#1633,#1634),(#1635,#1636,
#1637),(#1638,#1639,#1640),(#1641,#1642,#1643),(#1644,#1645,#1646),(#1647,
#1648,#1649),(#1650,#1651,#1652),(#1653,#1654,#1655),(#1656,#1657,#1658),
(#1659,#1660,#1661),(#1662,#1663,#1664),(#1665,#1666,#1667),(#1668,#1669,
#1670),(#1671,#1672,#1673),(#1674,#1675,#1676),(#1677,#1678,#1679),(#1680,
#1681,#1682),(#1683,#1684,#1685),(#1686,#1687,#1688),(#1689,#1690,#1691),
(#1692,#1693,#1694),(#1695,#1696,#1697),(#1698,#1699,#1700),(#1701,#1702,
#1703),(#1704,#1705,#1706),(#1707,#1708,#1709),(#1710,#1711,#1712),(#1713,
#1714,#1715),(#1716,#1717,#1718),(#1719,#1720,#1721),(#1722,#1723,#1724),
(#1725,#1726,#1727),(#1728,#1729,#1730),(#1731,#1732,#1733),(#1734,#1735,
#1736),(#1737,#1738,#1739),(#1740,#1741,#1742),(#1743,#1744,#1745),(#1746,
#1747,#1748),(#1749,#1750,#1751),(#1752,#1753,#1754),(#1755,#1756,#1757),
(#1758,#1759,#1760),(#1761,#1762,#1763),(#1764,#1765,#1766),(#1767,#1768,
#1769),(#1770,#1771,#1772),(#1773,#1774,#1775),(#1776,#1777,#1778),(#1779,
#1780,#1781),(#1782,#1783,#1784)),.RULED_SURF.,.T.,.F.,.F.,(2,2,2,2,2,2,
2,2,2,2,2,2,2,2,2,2,2,2,2,2,2,2,2,2,2,2,2,2,2,2,2,2,2,2,2,2,2,2,2,2,2,2,
2,2,1,2,2,2,2,2,2,2,2,2,2,2,2,2,2,2,2,2,2,2,2,2,2,2,2,2,2,2,2,2,2,2,2,2,
2,2,2,2,2,2,2,2,2,2,1,2,2,2,2,2,2,2,2,2,2,2,2,2,2,2,2,2,2,2,2,2,2,2,2,2,
2,2,2,2,2,2,2,2,2,2,2,2,2,2,2,2,2,2,2),(2,1,2),(-0.0078125,0.,0.0078125,
0.015625,0.0234375,0.03125,0.0390625,0.046875,0.0546875,0.0625,0.0703125,
0.078125,0.0859375,0.09375,0.1015625,0.109375,0.1171875,0.125,0.1328125,
0.140625,0.1484375,0.15625,0.1640625,0.171875,0.1796875,0.1875,0.1953125,
0.203125,0.2109375,0.21875,0.2265625,0.234375,0.2421875,0.25,0.2578125,
0.265625,0.2734375,0.28125,0.2890625,0.296875,0.3046875,0.3125,0.3203125,
0.328125,0.333333333333334,0.3359375,0.34375,0.3515625,0.359375,0.3671875,
0.375,0.3828125,0.390625,0.3984375,0.40625,0.4140625,0.421875,0.4296875,
0.4375,0.4453125,0.453125,0.4609375,0.46875,0.4765625,0.484375,0.4921875,
0.5,0.5078125,0.515625,0.5234375,0.53125,0.5390625,0.546875,0.5546875,0.5625,
0.5703125,0.578125,0.5859375,0.59375,0.6015625,0.609375,0.6171875,0.625,
0.6328125,0.640625,0.6484375,0.65625,0.6640625,0.666666666666667,0.671875,
0.6796875,0.6875,0.6953125,0.703125,0.7109375,0.71875,0.7265625,0.734375,
0.7421875,0.75,0.7578125,0.765625,0.7734375,0.78125,0.7890625,0.796875,
0.8046875,0.8125,0.8203125,0.828125,0.8359375,0.84375,0.8515625,0.859375,
0.8671875,0.875,0.8828125,0.890625,0.8984375,0.90625,0.9140625,0.921875,
0.9296875,0.9375,0.9453125,0.953125,0.9609375,0.96875,0.9765625,0.984375,
0.9921875,1.,1.0078125),(-0.00500003284080011,0.,0.833333333333334),
 .UNSPECIFIED.);
#16=LINE('',#961,#20);
#17=LINE('',#962,#21);
#18=LINE('',#964,#22);
#19=LINE('',#965,#23);
#20=VECTOR('',#767,1.);
#21=VECTOR('',#768,1.);
#22=VECTOR('',#771,1.);
#23=VECTOR('',#772,1.);
#24=PLANE('',#669);
#25=PLANE('',#671);
#26=PLANE('',#680);
#27=PLANE('',#684);
#28=PLANE('',#686);
#29=PLANE('',#690);
#30=PLANE('',#691);
#31=PLANE('',#696);
#32=PLANE('',#698);
#33=PLANE('',#702);
#34=PLANE('',#706);
#35=PLANE('',#709);
#36=PLANE('',#719);
#37=PLANE('',#722);
#38=PLANE('',#734);
#39=PLANE('',#736);
#40=PLANE('',#741);
#41=OVER_RIDING_STYLED_ITEM('',(#564),#514,#560);
#42=OVER_RIDING_STYLED_ITEM('',(#565),#520,#560);
#43=OVER_RIDING_STYLED_ITEM('',(#566),#521,#560);
#44=OVER_RIDING_STYLED_ITEM('',(#567),#522,#560);
#45=OVER_RIDING_STYLED_ITEM('',(#568),#525,#560);
#46=OVER_RIDING_STYLED_ITEM('',(#569),#528,#560);
#47=OVER_RIDING_STYLED_ITEM('',(#571),#539,#561);
#48=OVER_RIDING_STYLED_ITEM('',(#572),#540,#561);
#49=OVER_RIDING_STYLED_ITEM('',(#573),#542,#561);
#50=OVER_RIDING_STYLED_ITEM('',(#574),#544,#561);
#51=OVER_RIDING_STYLED_ITEM('',(#575),#548,#561);
#52=DRAUGHTING_PRE_DEFINED_COLOUR('black');
#53=B_SPLINE_CURVE_WITH_KNOTS('',3,(#927,#928,#929,#930,#931,#932,#933,
#934,#935,#936,#937,#938),.UNSPECIFIED.,.F.,.F.,(4,1,1,1,1,1,1,1,1,4),(0.,
0.00357272641005307,0.00714545282010614,0.0142909056402123,0.0214363584603184,
0.0285818112804246,0.0357272641005307,0.0428727169206368,0.050018169740743,
0.0571636225608491),.UNSPECIFIED.);
#54=B_SPLINE_CURVE_WITH_KNOTS('',3,(#943,#944,#945,#946),.UNSPECIFIED.,
 .F.,.F.,(4,4),(0.,0.00583334516957281),.UNSPECIFIED.);
#55=B_SPLINE_CURVE_WITH_KNOTS('',3,(#951,#952,#953,#954),.UNSPECIFIED.,
 .F.,.F.,(4,4),(6.08885468946782E-17,0.00583334516957281),.UNSPECIFIED.);
#56=B_SPLINE_CURVE_WITH_KNOTS('',3,(#969,#970,#971,#972,#973,#974,#975,
#976,#977,#978,#979),.UNSPECIFIED.,.F.,.F.,(4,1,1,1,1,1,1,1,4),(0.,0.00314777468285738,
0.00629554936571477,0.00944332404857215,0.0125910987314295,0.0157388734142869,
0.0188866480971443,0.0220344227800017,0.0251821974628591),.UNSPECIFIED.);
#57=B_SPLINE_CURVE_WITH_KNOTS('',3,(#985,#986,#987,#988,#989,#990,#991,
#992,#993,#994,#995,#996,#997,#998,#999,#1000,#1001,#1002,#1003),
 .UNSPECIFIED.,.T.,.F.,(1,1,1,1,1,1,1,1,1,1,1,1,1,1,1,1,1,1,1,1,1,1,1),
(-0.017628496039224,-0.011752330692816,-0.00587616534640802,0.,0.00587616534640801,
0.011752330692816,0.017628496039224,0.0235046613856321,0.0293808267320401,
0.0352569920784481,0.0411331574248561,0.0470093227712641,0.0528854881176721,
0.0587616534640801,0.0646378188104881,0.0705139841568962,0.0763901495033042,
0.0822663148497122,0.0881424801961202,0.0940186455425282,0.0998948108889362,
0.105770976235344,0.111647141581752),.UNSPECIFIED.);
#58=B_SPLINE_CURVE_WITH_KNOTS('',3,(#1785,#1786,#1787,#1788,#1789,#1790,
#1791,#1792,#1793,#1794,#1795,#1796,#1797,#1798,#1799,#1800,#1801,#1802,
#1803),.UNSPECIFIED.,.T.,.F.,(1,1,1,1,1,1,1,1,1,1,1,1,1,1,1,1,1,1,1,1,1,
1,1),(-0.0146536201034761,-0.00976908006898404,-0.00488454003449203,0.,
0.00488454003449202,0.00976908006898403,0.0146536201034761,0.0195381601379681,
0.0244227001724601,0.0293072402069521,0.0341917802414441,0.0390763202759361,
0.0439608603104282,0.0488454003449202,0.0537299403794122,0.0586144804139042,
0.0634990204483962,0.0683835604828882,0.0732681005173803,0.0781526405518723,
0.0830371805863643,0.0879217206208563,0.0928062606553483),.UNSPECIFIED.);
#59=B_SPLINE_CURVE_WITH_KNOTS('',3,(#1860,#1861,#1862,#1863,#1864,#1865,
#1866,#1867,#1868,#1869,#1870,#1871,#1872,#1873,#1874,#1875,#1876,#1877,
#1878),.UNSPECIFIED.,.T.,.F.,(1,1,1,1,1,1,1,1,1,1,1,1,1,1,1,1,1,1,1,1,1,
1,1),(-0.017609010675369,-0.011739340450246,-0.00586967022512298,1.36395721815025E-17,
0.00586967022512301,0.011739340450246,0.017609010675369,0.023478680900492,
0.029348351125615,0.035218021350738,0.041087691575861,0.046957361800984,
0.052827032026107,0.05869670225123,0.064566372476353,0.070436042701476,
0.0763057129265989,0.0821753831517219,0.0880450533768449,0.0939147236019679,
0.0997843938270909,0.105654064052214,0.111523734277337),.UNSPECIFIED.);
#60=B_SPLINE_CURVE_WITH_KNOTS('',3,(#1880,#1881,#1882,#1883,#1884,#1885,
#1886,#1887,#1888,#1889,#1890,#1891,#1892,#1893,#1894,#1895,#1896,#1897,
#1898),.UNSPECIFIED.,.T.,.F.,(1,1,1,1,1,1,1,1,1,1,1,1,1,1,1,1,1,1,1,1,1,
1,1),(-0.017609010675369,-0.011739340450246,-0.00586967022512297,7.63695509649965E-18,
0.005869670225123,0.011739340450246,0.017609010675369,0.023478680900492,
0.029348351125615,0.035218021350738,0.041087691575861,0.046957361800984,
0.052827032026107,0.05869670225123,0.064566372476353,0.070436042701476,
0.076305712926599,0.082175383151722,0.088045053376845,0.0939147236019679,
0.0997843938270909,0.105654064052214,0.111523734277337),.UNSPECIFIED.);
#61=B_SPLINE_CURVE_WITH_KNOTS('',3,(#1900,#1901,#1902,#1903,#1904,#1905,
#1906,#1907,#1908,#1909,#1910,#1911,#1912,#1913,#1914,#1915,#1916,#1917,
#1918),.UNSPECIFIED.,.T.,.F.,(1,1,1,1,1,1,1,1,1,1,1,1,1,1,1,1,1,1,1,1,1,
1,1),(-0.017609010675369,-0.011739340450246,-0.00586967022512301,1.68803596526694E-18,
0.005869670225123,0.011739340450246,0.017609010675369,0.023478680900492,
0.029348351125615,0.035218021350738,0.041087691575861,0.046957361800984,
0.052827032026107,0.05869670225123,0.064566372476353,0.070436042701476,
0.076305712926599,0.082175383151722,0.088045053376845,0.0939147236019681,
0.0997843938270911,0.105654064052214,0.111523734277337),.UNSPECIFIED.);
#62=B_SPLINE_CURVE_WITH_KNOTS('',3,(#1920,#1921,#1922,#1923,#1924,#1925,
#1926,#1927,#1928,#1929,#1930,#1931,#1932,#1933,#1934,#1935,#1936,#1937,
#1938),.UNSPECIFIED.,.T.,.F.,(1,1,1,1,1,1,1,1,1,1,1,1,1,1,1,1,1,1,1,1,1,
1,1),(-0.017609010675369,-0.011739340450246,-0.00586967022512301,1.71437135471678E-18,
0.005869670225123,0.011739340450246,0.017609010675369,0.023478680900492,
0.029348351125615,0.035218021350738,0.041087691575861,0.046957361800984,
0.052827032026107,0.05869670225123,0.064566372476353,0.070436042701476,
0.076305712926599,0.082175383151722,0.088045053376845,0.093914723601968,
0.099784393827091,0.105654064052214,0.111523734277337),.UNSPECIFIED.);
#63=ORIENTED_EDGE('',*,*,#163,.T.);
#64=ORIENTED_EDGE('',*,*,#164,.F.);
#65=ORIENTED_EDGE('',*,*,#165,.F.);
#66=ORIENTED_EDGE('',*,*,#166,.F.);
#67=ORIENTED_EDGE('',*,*,#167,.F.);
#68=ORIENTED_EDGE('',*,*,#168,.F.);
#69=ORIENTED_EDGE('',*,*,#169,.T.);
#70=ORIENTED_EDGE('',*,*,#170,.F.);
#71=ORIENTED_EDGE('',*,*,#171,.T.);
#72=ORIENTED_EDGE('',*,*,#167,.T.);
#73=ORIENTED_EDGE('',*,*,#172,.T.);
#74=ORIENTED_EDGE('',*,*,#173,.F.);
#75=ORIENTED_EDGE('',*,*,#165,.T.);
#76=ORIENTED_EDGE('',*,*,#174,.F.);
#77=ORIENTED_EDGE('',*,*,#169,.F.);
#78=ORIENTED_EDGE('',*,*,#175,.F.);
#79=ORIENTED_EDGE('',*,*,#176,.F.);
#80=ORIENTED_EDGE('',*,*,#170,.T.);
#81=ORIENTED_EDGE('',*,*,#177,.F.);
#82=ORIENTED_EDGE('',*,*,#178,.T.);
#83=ORIENTED_EDGE('',*,*,#179,.F.);
#84=ORIENTED_EDGE('',*,*,#177,.T.);
#85=ORIENTED_EDGE('',*,*,#180,.T.);
#86=ORIENTED_EDGE('',*,*,#181,.T.);
#87=ORIENTED_EDGE('',*,*,#182,.T.);
#88=ORIENTED_EDGE('',*,*,#182,.F.);
#89=ORIENTED_EDGE('',*,*,#183,.F.);
#90=ORIENTED_EDGE('',*,*,#184,.T.);
#91=ORIENTED_EDGE('',*,*,#185,.F.);
#92=ORIENTED_EDGE('',*,*,#183,.T.);
#93=ORIENTED_EDGE('',*,*,#175,.T.);
#94=ORIENTED_EDGE('',*,*,#184,.F.);
#95=ORIENTED_EDGE('',*,*,#186,.F.);
#96=ORIENTED_EDGE('',*,*,#187,.T.);
#97=ORIENTED_EDGE('',*,*,#178,.F.);
#98=ORIENTED_EDGE('',*,*,#186,.T.);
#99=ORIENTED_EDGE('',*,*,#188,.T.);
#100=ORIENTED_EDGE('',*,*,#187,.F.);
#101=ORIENTED_EDGE('',*,*,#189,.F.);
#102=ORIENTED_EDGE('',*,*,#190,.T.);
#103=ORIENTED_EDGE('',*,*,#191,.F.);
#104=ORIENTED_EDGE('',*,*,#189,.T.);
#105=ORIENTED_EDGE('',*,*,#192,.T.);
#106=ORIENTED_EDGE('',*,*,#190,.F.);
#107=ORIENTED_EDGE('',*,*,#192,.F.);
#108=ORIENTED_EDGE('',*,*,#185,.T.);
#109=ORIENTED_EDGE('',*,*,#188,.F.);
#110=ORIENTED_EDGE('',*,*,#191,.T.);
#111=ORIENTED_EDGE('',*,*,#180,.F.);
#112=ORIENTED_EDGE('',*,*,#181,.F.);
#113=ORIENTED_EDGE('',*,*,#163,.F.);
#114=ORIENTED_EDGE('',*,*,#193,.F.);
#115=ORIENTED_EDGE('',*,*,#179,.T.);
#116=ORIENTED_EDGE('',*,*,#193,.T.);
#117=ORIENTED_EDGE('',*,*,#194,.F.);
#118=ORIENTED_EDGE('',*,*,#174,.T.);
#119=ORIENTED_EDGE('',*,*,#164,.T.);
#120=ORIENTED_EDGE('',*,*,#173,.T.);
#121=ORIENTED_EDGE('',*,*,#168,.T.);
#122=ORIENTED_EDGE('',*,*,#171,.F.);
#123=ORIENTED_EDGE('',*,*,#176,.T.);
#124=ORIENTED_EDGE('',*,*,#172,.F.);
#125=ORIENTED_EDGE('',*,*,#166,.T.);
#126=ORIENTED_EDGE('',*,*,#194,.T.);
#127=ORIENTED_EDGE('',*,*,#195,.F.);
#128=ORIENTED_EDGE('',*,*,#196,.T.);
#129=ORIENTED_EDGE('',*,*,#197,.F.);
#130=ORIENTED_EDGE('',*,*,#198,.F.);
#131=ORIENTED_EDGE('',*,*,#199,.F.);
#132=ORIENTED_EDGE('',*,*,#200,.F.);
#133=ORIENTED_EDGE('',*,*,#201,.T.);
#134=ORIENTED_EDGE('',*,*,#202,.T.);
#135=ORIENTED_EDGE('',*,*,#203,.T.);
#136=ORIENTED_EDGE('',*,*,#204,.T.);
#137=ORIENTED_EDGE('',*,*,#202,.F.);
#138=ORIENTED_EDGE('',*,*,#205,.T.);
#139=ORIENTED_EDGE('',*,*,#206,.T.);
#140=ORIENTED_EDGE('',*,*,#207,.T.);
#141=ORIENTED_EDGE('',*,*,#196,.F.);
#142=ORIENTED_EDGE('',*,*,#205,.F.);
#143=ORIENTED_EDGE('',*,*,#207,.F.);
#144=ORIENTED_EDGE('',*,*,#203,.F.);
#145=ORIENTED_EDGE('',*,*,#206,.F.);
#146=ORIENTED_EDGE('',*,*,#201,.F.);
#147=ORIENTED_EDGE('',*,*,#204,.F.);
#148=ORIENTED_EDGE('',*,*,#208,.F.);
#149=ORIENTED_EDGE('',*,*,#209,.T.);
#150=ORIENTED_EDGE('',*,*,#210,.F.);
#151=ORIENTED_EDGE('',*,*,#208,.T.);
#152=ORIENTED_EDGE('',*,*,#195,.T.);
#153=ORIENTED_EDGE('',*,*,#209,.F.);
#154=ORIENTED_EDGE('',*,*,#211,.F.);
#155=ORIENTED_EDGE('',*,*,#210,.T.);
#156=ORIENTED_EDGE('',*,*,#211,.T.);
#157=ORIENTED_EDGE('',*,*,#212,.F.);
#158=ORIENTED_EDGE('',*,*,#212,.T.);
#159=ORIENTED_EDGE('',*,*,#197,.T.);
#160=ORIENTED_EDGE('',*,*,#198,.T.);
#161=ORIENTED_EDGE('',*,*,#199,.T.);
#162=ORIENTED_EDGE('',*,*,#200,.T.);
#163=EDGE_CURVE('',#378,#378,#213,.T.);
#164=EDGE_CURVE('',#379,#380,#53,.T.);
#165=EDGE_CURVE('',#380,#379,#214,.T.);
#166=EDGE_CURVE('',#381,#382,#54,.T.);
#167=EDGE_CURVE('',#383,#381,#215,.T.);
#168=EDGE_CURVE('',#384,#383,#55,.T.);
#169=EDGE_CURVE('',#384,#382,#216,.T.);
#170=EDGE_CURVE('',#385,#386,#217,.T.);
#171=EDGE_CURVE('',#385,#383,#16,.F.);
#172=EDGE_CURVE('',#381,#386,#17,.T.);
#173=EDGE_CURVE('',#380,#384,#18,.F.);
#174=EDGE_CURVE('',#382,#379,#19,.T.);
#175=EDGE_CURVE('',#387,#387,#218,.T.);
#176=EDGE_CURVE('',#385,#386,#56,.T.);
#177=EDGE_CURVE('',#388,#388,#219,.T.);
#178=EDGE_CURVE('',#389,#389,#220,.T.);
#179=EDGE_CURVE('',#390,#390,#57,.T.);
#180=EDGE_CURVE('',#391,#391,#58,.T.);
#181=EDGE_CURVE('',#392,#392,#221,.F.);
#182=EDGE_CURVE('',#393,#393,#222,.T.);
#183=EDGE_CURVE('',#394,#394,#223,.T.);
#184=EDGE_CURVE('',#395,#395,#224,.T.);
#185=EDGE_CURVE('',#396,#396,#225,.T.);
#186=EDGE_CURVE('',#397,#397,#226,.T.);
#187=EDGE_CURVE('',#398,#398,#227,.T.);
#188=EDGE_CURVE('',#399,#399,#228,.T.);
#189=EDGE_CURVE('',#400,#400,#229,.T.);
#190=EDGE_CURVE('',#401,#401,#230,.T.);
#191=EDGE_CURVE('',#402,#402,#231,.T.);
#192=EDGE_CURVE('',#403,#403,#232,.T.);
#193=EDGE_CURVE('',#404,#404,#233,.T.);
#194=EDGE_CURVE('',#405,#405,#234,.T.);
#195=EDGE_CURVE('',#406,#406,#235,.T.);
#196=EDGE_CURVE('',#407,#407,#236,.T.);
#197=EDGE_CURVE('',#408,#408,#59,.T.);
#198=EDGE_CURVE('',#409,#409,#60,.T.);
#199=EDGE_CURVE('',#410,#410,#61,.T.);
#200=EDGE_CURVE('',#411,#411,#62,.T.);
#201=EDGE_CURVE('',#412,#412,#237,.F.);
#202=EDGE_CURVE('',#413,#413,#238,.T.);
#203=EDGE_CURVE('',#414,#414,#239,.F.);
#204=EDGE_CURVE('',#415,#415,#240,.T.);
#205=EDGE_CURVE('',#416,#416,#241,.F.);
#206=EDGE_CURVE('',#417,#417,#242,.T.);
#207=EDGE_CURVE('',#418,#418,#243,.F.);
#208=EDGE_CURVE('',#419,#419,#244,.T.);
#209=EDGE_CURVE('',#420,#420,#245,.T.);
#210=EDGE_CURVE('',#421,#421,#246,.T.);
#211=EDGE_CURVE('',#422,#422,#247,.T.);
#212=EDGE_CURVE('',#423,#423,#248,.T.);
#213=CIRCLE('',#664,0.075);
#214=CIRCLE('',#665,0.075);
#215=CIRCLE('',#667,0.07525);
#216=CIRCLE('',#668,0.07525);
#217=CIRCLE('',#670,0.075);
#218=CIRCLE('',#673,0.075);
#219=CIRCLE('',#675,0.075);
#220=CIRCLE('',#676,0.075);
#221=CIRCLE('',#678,0.1);
#222=CIRCLE('',#679,0.1);
#223=CIRCLE('',#682,0.07525);
#224=CIRCLE('',#683,0.07525);
#225=CIRCLE('',#685,0.075);
#226=CIRCLE('',#688,0.07525);
#227=CIRCLE('',#689,0.07525);
#228=CIRCLE('',#692,0.075);
#229=CIRCLE('',#694,0.07525);
#230=CIRCLE('',#695,0.07525);
#231=CIRCLE('',#697,0.075);
#232=CIRCLE('',#699,0.075);
#233=CIRCLE('',#705,0.015);
#234=CIRCLE('',#708,0.015);
#235=CIRCLE('',#714,0.1);
#236=CIRCLE('',#715,0.1);
#237=CIRCLE('',#717,0.05);
#238=CIRCLE('',#718,0.05);
#239=CIRCLE('',#720,0.0435);
#240=CIRCLE('',#721,0.044);
#241=CIRCLE('',#724,0.0375);
#242=CIRCLE('',#725,0.0375);
#243=CIRCLE('',#727,0.0397518297146734);
#244=CIRCLE('',#732,0.10025);
#245=CIRCLE('',#733,0.10025);
#246=CIRCLE('',#735,0.1);
#247=CIRCLE('',#738,0.1);
#248=CIRCLE('',#740,0.0156912630780534);
#249=EDGE_LOOP('',(#63));
#250=EDGE_LOOP('',(#64,#65));
#251=EDGE_LOOP('',(#66,#67,#68,#69));
#252=EDGE_LOOP('',(#70,#71,#72,#73));
#253=EDGE_LOOP('',(#74,#75,#76,#77));
#254=EDGE_LOOP('',(#78));
#255=EDGE_LOOP('',(#79,#80));
#256=EDGE_LOOP('',(#81));
#257=EDGE_LOOP('',(#82));
#258=EDGE_LOOP('',(#83));
#259=EDGE_LOOP('',(#84));
#260=EDGE_LOOP('',(#85));
#261=EDGE_LOOP('',(#86));
#262=EDGE_LOOP('',(#87));
#263=EDGE_LOOP('',(#88));
#264=EDGE_LOOP('',(#89));
#265=EDGE_LOOP('',(#90));
#266=EDGE_LOOP('',(#91));
#267=EDGE_LOOP('',(#92));
#268=EDGE_LOOP('',(#93));
#269=EDGE_LOOP('',(#94));
#270=EDGE_LOOP('',(#95));
#271=EDGE_LOOP('',(#96));
#272=EDGE_LOOP('',(#97));
#273=EDGE_LOOP('',(#98));
#274=EDGE_LOOP('',(#99));
#275=EDGE_LOOP('',(#100));
#276=EDGE_LOOP('',(#101));
#277=EDGE_LOOP('',(#102));
#278=EDGE_LOOP('',(#103));
#279=EDGE_LOOP('',(#104));
#280=EDGE_LOOP('',(#105));
#281=EDGE_LOOP('',(#106));
#282=EDGE_LOOP('',(#107));
#283=EDGE_LOOP('',(#108));
#284=EDGE_LOOP('',(#109));
#285=EDGE_LOOP('',(#110));
#286=EDGE_LOOP('',(#111));
#287=EDGE_LOOP('',(#112));
#288=EDGE_LOOP('',(#113));
#289=EDGE_LOOP('',(#114));
#290=EDGE_LOOP('',(#115));
#291=EDGE_LOOP('',(#116));
#292=EDGE_LOOP('',(#117));
#293=EDGE_LOOP('',(#118,#119,#120,#121,#122,#123,#124,#125));
#294=EDGE_LOOP('',(#126));
#295=EDGE_LOOP('',(#127));
#296=EDGE_LOOP('',(#128));
#297=EDGE_LOOP('',(#129));
#298=EDGE_LOOP('',(#130));
#299=EDGE_LOOP('',(#131));
#300=EDGE_LOOP('',(#132));
#301=EDGE_LOOP('',(#133));
#302=EDGE_LOOP('',(#134));
#303=EDGE_LOOP('',(#135));
#304=EDGE_LOOP('',(#136));
#305=EDGE_LOOP('',(#137));
#306=EDGE_LOOP('',(#138));
#307=EDGE_LOOP('',(#139));
#308=EDGE_LOOP('',(#140));
#309=EDGE_LOOP('',(#141));
#310=EDGE_LOOP('',(#142));
#311=EDGE_LOOP('',(#143));
#312=EDGE_LOOP('',(#144));
#313=EDGE_LOOP('',(#145));
#314=EDGE_LOOP('',(#146));
#315=EDGE_LOOP('',(#147));
#316=EDGE_LOOP('',(#148));
#317=EDGE_LOOP('',(#149));
#318=EDGE_LOOP('',(#150));
#319=EDGE_LOOP('',(#151));
#320=EDGE_LOOP('',(#152));
#321=EDGE_LOOP('',(#153));
#322=EDGE_LOOP('',(#154));
#323=EDGE_LOOP('',(#155));
#324=EDGE_LOOP('',(#156));
#325=EDGE_LOOP('',(#157));
#326=EDGE_LOOP('',(#158));
#327=EDGE_LOOP('',(#159));
#328=EDGE_LOOP('',(#160));
#329=EDGE_LOOP('',(#161));
#330=EDGE_LOOP('',(#162));
#331=CYLINDRICAL_SURFACE('',#663,0.075);
#332=CYLINDRICAL_SURFACE('',#666,0.07525);
#333=CYLINDRICAL_SURFACE('',#672,0.075);
#334=CYLINDRICAL_SURFACE('',#674,0.075);
#335=CYLINDRICAL_SURFACE('',#677,0.1);
#336=CYLINDRICAL_SURFACE('',#681,0.07525);
#337=CYLINDRICAL_SURFACE('',#687,0.07525);
#338=CYLINDRICAL_SURFACE('',#693,0.07525);
#339=CYLINDRICAL_SURFACE('',#700,0.075);
#340=CYLINDRICAL_SURFACE('',#701,0.075);
#341=CYLINDRICAL_SURFACE('',#704,0.015);
#342=CYLINDRICAL_SURFACE('',#707,0.015);
#343=CYLINDRICAL_SURFACE('',#713,0.1);
#344=CYLINDRICAL_SURFACE('',#716,0.05);
#345=CYLINDRICAL_SURFACE('',#723,0.0375);
#346=CYLINDRICAL_SURFACE('',#731,0.10025);
#347=CYLINDRICAL_SURFACE('',#737,0.1);
#348=CYLINDRICAL_SURFACE('',#742,0.015);
#349=CYLINDRICAL_SURFACE('',#743,0.015);
#350=CONTEXT_DEPENDENT_SHAPE_REPRESENTATION(#360,#1995);
#351=CONTEXT_DEPENDENT_SHAPE_REPRESENTATION(#361,#1997);
#352=CONTEXT_DEPENDENT_SHAPE_REPRESENTATION(#362,#1998);
#353=CONTEXT_DEPENDENT_SHAPE_REPRESENTATION(#363,#1999);
#354=CONTEXT_DEPENDENT_SHAPE_REPRESENTATION(#364,#2001);
#355=NEXT_ASSEMBLY_USAGE_OCCURRENCE('NAUO1','Part 2','Part 2',#2002,#2003,
'');
#356=NEXT_ASSEMBLY_USAGE_OCCURRENCE('NAUO2','Part 1','Part 1',#2002,#2004,
'');
#357=NEXT_ASSEMBLY_USAGE_OCCURRENCE('NAUO3','Part 1','Part 1',#2002,#2004,
'');
#358=NEXT_ASSEMBLY_USAGE_OCCURRENCE('NAUO4','Part 2','Part 2',#2002,#2003,
'');
#359=NEXT_ASSEMBLY_USAGE_OCCURRENCE('NAUO5','Core Stage','Core Stage',#2002,
#2005,'');
#360=(
REPRESENTATION_RELATIONSHIP(' ',' ',#657,#656)
REPRESENTATION_RELATIONSHIP_WITH_TRANSFORMATION(#365)
SHAPE_REPRESENTATION_RELATIONSHIP()
);
#361=(
REPRESENTATION_RELATIONSHIP(' ',' ',#658,#656)
REPRESENTATION_RELATIONSHIP_WITH_TRANSFORMATION(#366)
SHAPE_REPRESENTATION_RELATIONSHIP()
);
#362=(
REPRESENTATION_RELATIONSHIP(' ',' ',#658,#656)
REPRESENTATION_RELATIONSHIP_WITH_TRANSFORMATION(#367)
SHAPE_REPRESENTATION_RELATIONSHIP()
);
#363=(
REPRESENTATION_RELATIONSHIP(' ',' ',#657,#656)
REPRESENTATION_RELATIONSHIP_WITH_TRANSFORMATION(#368)
SHAPE_REPRESENTATION_RELATIONSHIP()
);
#364=(
REPRESENTATION_RELATIONSHIP(' ',' ',#659,#656)
REPRESENTATION_RELATIONSHIP_WITH_TRANSFORMATION(#369)
SHAPE_REPRESENTATION_RELATIONSHIP()
);
#365=ITEM_DEFINED_TRANSFORMATION(' ',' ',#660,#662);
#366=ITEM_DEFINED_TRANSFORMATION(' ',' ',#660,#710);
#367=ITEM_DEFINED_TRANSFORMATION(' ',' ',#660,#711);
#368=ITEM_DEFINED_TRANSFORMATION(' ',' ',#660,#712);
#369=ITEM_DEFINED_TRANSFORMATION(' ',' ',#660,#744);
#370=SHAPE_REPRESENTATION_RELATIONSHIP('','',#657,#373);
#371=SHAPE_REPRESENTATION_RELATIONSHIP('','',#658,#374);
#372=SHAPE_REPRESENTATION_RELATIONSHIP('','',#659,#375);
#373=ADVANCED_BREP_SHAPE_REPRESENTATION('',(#649),#1983);
#374=ADVANCED_BREP_SHAPE_REPRESENTATION('',(#650),#1984);
#375=ADVANCED_BREP_SHAPE_REPRESENTATION('',(#651),#1985);
#376=VERTEX_POINT('',#921);
#377=VERTEX_POINT('',#922);
#378=VERTEX_POINT('',#926);
#379=VERTEX_POINT('',#939);
#380=VERTEX_POINT('',#940);
#381=VERTEX_POINT('',#947);
#382=VERTEX_POINT('',#948);
#383=VERTEX_POINT('',#950);
#384=VERTEX_POINT('',#955);
#385=VERTEX_POINT('',#959);
#386=VERTEX_POINT('',#960);
#387=VERTEX_POINT('',#968);
#388=VERTEX_POINT('',#982);
#389=VERTEX_POINT('',#984);
#390=VERTEX_POINT('',#1004);
#391=VERTEX_POINT('',#1804);
#392=VERTEX_POINT('',#1807);
#393=VERTEX_POINT('',#1809);
#394=VERTEX_POINT('',#1813);
#395=VERTEX_POINT('',#1815);
#396=VERTEX_POINT('',#1818);
#397=VERTEX_POINT('',#1822);
#398=VERTEX_POINT('',#1824);
#399=VERTEX_POINT('',#1828);
#400=VERTEX_POINT('',#1831);
#401=VERTEX_POINT('',#1833);
#402=VERTEX_POINT('',#1836);
#403=VERTEX_POINT('',#1839);
#404=VERTEX_POINT('',#1846);
#405=VERTEX_POINT('',#1850);
#406=VERTEX_POINT('',#1857);
#407=VERTEX_POINT('',#1859);
#408=VERTEX_POINT('',#1879);
#409=VERTEX_POINT('',#1899);
#410=VERTEX_POINT('',#1919);
#411=VERTEX_POINT('',#1939);
#412=VERTEX_POINT('',#1942);
#413=VERTEX_POINT('',#1944);
#414=VERTEX_POINT('',#1947);
#415=VERTEX_POINT('',#1949);
#416=VERTEX_POINT('',#1953);
#417=VERTEX_POINT('',#1955);
#418=VERTEX_POINT('',#1958);
#419=VERTEX_POINT('',#1964);
#420=VERTEX_POINT('',#1966);
#421=VERTEX_POINT('',#1969);
#422=VERTEX_POINT('',#1973);
#423=VERTEX_POINT('',#1976);
#424=VERTEX_LOOP('',#376);
#425=VERTEX_LOOP('',#377);
#426=FACE_BOUND('',#424,.T.);
#427=FACE_BOUND('',#425,.T.);
#428=FACE_BOUND('',#249,.T.);
#429=FACE_BOUND('',#250,.T.);
#430=FACE_BOUND('',#251,.T.);
#431=FACE_BOUND('',#252,.T.);
#432=FACE_BOUND('',#253,.T.);
#433=FACE_BOUND('',#254,.T.);
#434=FACE_BOUND('',#255,.T.);
#435=FACE_BOUND('',#256,.T.);
#436=FACE_BOUND('',#257,.T.);
#437=FACE_BOUND('',#258,.T.);
#438=FACE_BOUND('',#259,.T.);
#439=FACE_BOUND('',#260,.T.);
#440=FACE_BOUND('',#261,.T.);
#441=FACE_BOUND('',#262,.T.);
#442=FACE_BOUND('',#263,.T.);
#443=FACE_BOUND('',#264,.T.);
#444=FACE_BOUND('',#265,.T.);
#445=FACE_BOUND('',#266,.T.);
#446=FACE_BOUND('',#267,.T.);
#447=FACE_BOUND('',#268,.T.);
#448=FACE_BOUND('',#269,.T.);
#449=FACE_BOUND('',#270,.T.);
#450=FACE_BOUND('',#271,.T.);
#451=FACE_BOUND('',#272,.T.);
#452=FACE_BOUND('',#273,.T.);
#453=FACE_BOUND('',#274,.T.);
#454=FACE_BOUND('',#275,.T.);
#455=FACE_BOUND('',#276,.T.);
#456=FACE_BOUND('',#277,.T.);
#457=FACE_BOUND('',#278,.T.);
#458=FACE_BOUND('',#279,.T.);
#459=FACE_BOUND('',#280,.T.);
#460=FACE_BOUND('',#281,.T.);
#461=FACE_BOUND('',#282,.T.);
#462=FACE_BOUND('',#283,.T.);
#463=FACE_BOUND('',#284,.T.);
#464=FACE_BOUND('',#285,.T.);
#465=FACE_BOUND('',#286,.T.);
#466=FACE_BOUND('',#287,.T.);
#467=FACE_BOUND('',#288,.T.);
#468=FACE_BOUND('',#289,.T.);
#469=FACE_BOUND('',#290,.T.);
#470=FACE_BOUND('',#291,.T.);
#471=FACE_BOUND('',#292,.T.);
#472=FACE_BOUND('',#293,.T.);
#473=FACE_BOUND('',#294,.T.);
#474=FACE_BOUND('',#295,.T.);
#475=FACE_BOUND('',#296,.T.);
#476=FACE_BOUND('',#297,.T.);
#477=FACE_BOUND('',#298,.T.);
#478=FACE_BOUND('',#299,.T.);
#479=FACE_BOUND('',#300,.T.);
#480=FACE_BOUND('',#301,.T.);
#481=FACE_BOUND('',#302,.T.);
#482=FACE_BOUND('',#303,.T.);
#483=FACE_BOUND('',#304,.T.);
#484=FACE_BOUND('',#305,.T.);
#485=FACE_BOUND('',#306,.T.);
#486=FACE_BOUND('',#307,.T.);
#487=FACE_BOUND('',#308,.T.);
#488=FACE_BOUND('',#309,.T.);
#489=FACE_BOUND('',#310,.T.);
#490=FACE_BOUND('',#311,.T.);
#491=FACE_BOUND('',#312,.T.);
#492=FACE_BOUND('',#313,.T.);
#493=FACE_BOUND('',#314,.T.);
#494=FACE_BOUND('',#315,.T.);
#495=FACE_BOUND('',#316,.T.);
#496=FACE_BOUND('',#317,.T.);
#497=FACE_BOUND('',#318,.T.);
#498=FACE_BOUND('',#319,.T.);
#499=FACE_BOUND('',#320,.T.);
#500=FACE_BOUND('',#321,.T.);
#501=FACE_BOUND('',#322,.T.);
#502=FACE_BOUND('',#323,.T.);
#503=FACE_BOUND('',#324,.T.);
#504=FACE_BOUND('',#325,.T.);
#505=FACE_BOUND('',#326,.T.);
#506=FACE_BOUND('',#327,.T.);
#507=FACE_BOUND('',#328,.T.);
#508=FACE_BOUND('',#329,.T.);
#509=FACE_BOUND('',#330,.T.);
#510=DEGENERATE_TOROIDAL_SURFACE('',#661,0.000180278961129257,0.0125000130457044,
 .T.);
#511=DEGENERATE_TOROIDAL_SURFACE('',#739,0.184963060051456,0.285,.F.);
#512=ADVANCED_FACE('',(#426,#427),#510,.T.);
#513=ADVANCED_FACE('',(#428,#429),#331,.T.);
#514=ADVANCED_FACE('',(#430),#332,.T.);
#515=ADVANCED_FACE('',(#431),#24,.T.);
#516=ADVANCED_FACE('',(#432),#25,.F.);
#517=ADVANCED_FACE('',(#433,#434),#333,.T.);
#518=ADVANCED_FACE('',(#435,#436,#437),#334,.T.);
#519=ADVANCED_FACE('',(#438,#439),#15,.T.);
#520=ADVANCED_FACE('',(#440,#441),#335,.T.);
#521=ADVANCED_FACE('',(#442),#26,.F.);
#522=ADVANCED_FACE('',(#443,#444),#336,.T.);
#523=ADVANCED_FACE('',(#445,#446),#27,.T.);
#524=ADVANCED_FACE('',(#447,#448),#28,.F.);
#525=ADVANCED_FACE('',(#449,#450),#337,.T.);
#526=ADVANCED_FACE('',(#451,#452),#29,.T.);
#527=ADVANCED_FACE('',(#453,#454),#30,.F.);
#528=ADVANCED_FACE('',(#455,#456),#338,.T.);
#529=ADVANCED_FACE('',(#457,#458),#31,.T.);
#530=ADVANCED_FACE('',(#459,#460),#32,.F.);
#531=ADVANCED_FACE('',(#461,#462),#339,.T.);
#532=ADVANCED_FACE('',(#463,#464),#340,.T.);
#533=ADVANCED_FACE('',(#465),#33,.T.);
#534=ADVANCED_FACE('',(#466,#467),#11,.F.);
#535=ADVANCED_FACE('',(#468,#469),#341,.T.);
#536=ADVANCED_FACE('',(#470),#34,.T.);
#537=ADVANCED_FACE('',(#471,#472),#342,.T.);
#538=ADVANCED_FACE('',(#473),#35,.T.);
#539=ADVANCED_FACE('',(#474,#475,#476,#477,#478,#479),#343,.T.);
#540=ADVANCED_FACE('',(#480,#481),#344,.T.);
#541=ADVANCED_FACE('',(#482,#483),#36,.T.);
#542=ADVANCED_FACE('',(#484),#37,.F.);
#543=ADVANCED_FACE('',(#485,#486),#345,.T.);
#544=ADVANCED_FACE('',(#487,#488),#10,.T.);
#545=ADVANCED_FACE('',(#489,#490),#12,.F.);
#546=ADVANCED_FACE('',(#491,#492),#13,.F.);
#547=ADVANCED_FACE('',(#493,#494),#14,.T.);
#548=ADVANCED_FACE('',(#495,#496),#346,.T.);
#549=ADVANCED_FACE('',(#497,#498),#38,.T.);
#550=ADVANCED_FACE('',(#499,#500),#39,.F.);
#551=ADVANCED_FACE('',(#501,#502),#347,.T.);
#552=ADVANCED_FACE('',(#503,#504),#511,.F.);
#553=ADVANCED_FACE('',(#505),#40,.F.);
#554=ADVANCED_FACE('',(#506,#507),#348,.F.);
#555=ADVANCED_FACE('',(#508,#509),#349,.F.);
#556=CLOSED_SHELL('',(#512));
#557=CLOSED_SHELL('',(#513,#514,#515,#516,#517,#518,#519,#520,#521,#522,
#523,#524,#525,#526,#527,#528,#529,#530,#531,#532,#533,#534,#535,#536,#537,
#538));
#558=CLOSED_SHELL('',(#539,#540,#541,#542,#543,#544,#545,#546,#547,#548,
#549,#550,#551,#552,#553,#554,#555));
#559=STYLED_ITEM('',(#562),#649);
#560=STYLED_ITEM('',(#563),#650);
#561=STYLED_ITEM('',(#570),#651);
#562=PRESENTATION_STYLE_ASSIGNMENT((#576));
#563=PRESENTATION_STYLE_ASSIGNMENT((#577));
#564=PRESENTATION_STYLE_ASSIGNMENT((#578));
#565=PRESENTATION_STYLE_ASSIGNMENT((#579));
#566=PRESENTATION_STYLE_ASSIGNMENT((#580));
#567=PRESENTATION_STYLE_ASSIGNMENT((#581));
#568=PRESENTATION_STYLE_ASSIGNMENT((#582));
#569=PRESENTATION_STYLE_ASSIGNMENT((#583));
#570=PRESENTATION_STYLE_ASSIGNMENT((#584));
#571=PRESENTATION_STYLE_ASSIGNMENT((#585));
#572=PRESENTATION_STYLE_ASSIGNMENT((#586));
#573=PRESENTATION_STYLE_ASSIGNMENT((#587));
#574=PRESENTATION_STYLE_ASSIGNMENT((#588));
#575=PRESENTATION_STYLE_ASSIGNMENT((#589));
#576=SURFACE_STYLE_USAGE(.BOTH.,#590);
#577=SURFACE_STYLE_USAGE(.BOTH.,#591);
#578=SURFACE_STYLE_USAGE(.BOTH.,#592);
#579=SURFACE_STYLE_USAGE(.BOTH.,#593);
#580=SURFACE_STYLE_USAGE(.BOTH.,#594);
#581=SURFACE_STYLE_USAGE(.BOTH.,#595);
#582=SURFACE_STYLE_USAGE(.BOTH.,#596);
#583=SURFACE_STYLE_USAGE(.BOTH.,#597);
#584=SURFACE_STYLE_USAGE(.BOTH.,#598);
#585=SURFACE_STYLE_USAGE(.BOTH.,#599);
#586=SURFACE_STYLE_USAGE(.BOTH.,#600);
#587=SURFACE_STYLE_USAGE(.BOTH.,#601);
#588=SURFACE_STYLE_USAGE(.BOTH.,#602);
#589=SURFACE_STYLE_USAGE(.BOTH.,#603);
#590=SURFACE_SIDE_STYLE('',(#604));
#591=SURFACE_SIDE_STYLE('',(#605));
#592=SURFACE_SIDE_STYLE('',(#606));
#593=SURFACE_SIDE_STYLE('',(#607));
#594=SURFACE_SIDE_STYLE('',(#608));
#595=SURFACE_SIDE_STYLE('',(#609));
#596=SURFACE_SIDE_STYLE('',(#610));
#597=SURFACE_SIDE_STYLE('',(#611));
#598=SURFACE_SIDE_STYLE('',(#612));
#599=SURFACE_SIDE_STYLE('',(#613));
#600=SURFACE_SIDE_STYLE('',(#614));
#601=SURFACE_SIDE_STYLE('',(#615));
#602=SURFACE_SIDE_STYLE('',(#616));
#603=SURFACE_SIDE_STYLE('',(#617));
#604=SURFACE_STYLE_FILL_AREA(#618);
#605=SURFACE_STYLE_FILL_AREA(#619);
#606=SURFACE_STYLE_FILL_AREA(#620);
#607=SURFACE_STYLE_FILL_AREA(#621);
#608=SURFACE_STYLE_FILL_AREA(#622);
#609=SURFACE_STYLE_FILL_AREA(#623);
#610=SURFACE_STYLE_FILL_AREA(#624);
#611=SURFACE_STYLE_FILL_AREA(#625);
#612=SURFACE_STYLE_FILL_AREA(#626);
#613=SURFACE_STYLE_FILL_AREA(#627);
#614=SURFACE_STYLE_FILL_AREA(#628);
#615=SURFACE_STYLE_FILL_AREA(#629);
#616=SURFACE_STYLE_FILL_AREA(#630);
#617=SURFACE_STYLE_FILL_AREA(#631);
#618=FILL_AREA_STYLE('',(#632));
#619=FILL_AREA_STYLE('',(#633));
#620=FILL_AREA_STYLE('',(#634));
#621=FILL_AREA_STYLE('',(#635));
#622=FILL_AREA_STYLE('',(#636));
#623=FILL_AREA_STYLE('',(#637));
#624=FILL_AREA_STYLE('',(#638));
#625=FILL_AREA_STYLE('',(#639));
#626=FILL_AREA_STYLE('',(#640));
#627=FILL_AREA_STYLE('',(#641));
#628=FILL_AREA_STYLE('',(#642));
#629=FILL_AREA_STYLE('',(#643));
#630=FILL_AREA_STYLE('',(#644));
#631=FILL_AREA_STYLE('',(#645));
#632=FILL_AREA_STYLE_COLOUR('',#646);
#633=FILL_AREA_STYLE_COLOUR('',#646);
#634=FILL_AREA_STYLE_COLOUR('',#52);
#635=FILL_AREA_STYLE_COLOUR('',#647);
#636=FILL_AREA_STYLE_COLOUR('',#647);
#637=FILL_AREA_STYLE_COLOUR('',#52);
#638=FILL_AREA_STYLE_COLOUR('',#52);
#639=FILL_AREA_STYLE_COLOUR('',#52);
#640=FILL_AREA_STYLE_COLOUR('',#646);
#641=FILL_AREA_STYLE_COLOUR('',#648);
#642=FILL_AREA_STYLE_COLOUR('',#647);
#643=FILL_AREA_STYLE_COLOUR('',#647);
#644=FILL_AREA_STYLE_COLOUR('',#648);
#645=FILL_AREA_STYLE_COLOUR('',#52);
#646=COLOUR_RGB('',0.917647058823529,0.917647058823529,0.917647058823529);
#647=COLOUR_RGB('',0.768627450980392,0.886274509803922,0.952941176470588);
#648=COLOUR_RGB('',0.901960784313726,0.87843137254902,0.811764705882353);
#649=MANIFOLD_SOLID_BREP('Part 2',#556);
#650=MANIFOLD_SOLID_BREP('Part 1',#557);
#651=MANIFOLD_SOLID_BREP('Core Stage',#558);
#652=SHAPE_DEFINITION_REPRESENTATION(#1993,#656);
#653=SHAPE_DEFINITION_REPRESENTATION(#1994,#657);
#654=SHAPE_DEFINITION_REPRESENTATION(#1996,#658);
#655=SHAPE_DEFINITION_REPRESENTATION(#2000,#659);
#656=SHAPE_REPRESENTATION('Ariane 5 Recreation',(#660,#662,#710,#711,#712,
#744),#1982);
#657=SHAPE_REPRESENTATION('Part 2',(#660),#1983);
#658=SHAPE_REPRESENTATION('Part 1',(#660),#1984);
#659=SHAPE_REPRESENTATION('Core Stage',(#660),#1985);
#660=AXIS2_PLACEMENT_3D('',#919,#745,#746);
#661=AXIS2_PLACEMENT_3D('',#920,#747,#748);
#662=AXIS2_PLACEMENT_3D('',#923,#749,#750);
#663=AXIS2_PLACEMENT_3D('',#924,#751,#752);
#664=AXIS2_PLACEMENT_3D('',#925,#753,#754);
#665=AXIS2_PLACEMENT_3D('',#941,#755,#756);
#666=AXIS2_PLACEMENT_3D('',#942,#757,#758);
#667=AXIS2_PLACEMENT_3D('',#949,#759,#760);
#668=AXIS2_PLACEMENT_3D('',#956,#761,#762);
#669=AXIS2_PLACEMENT_3D('',#957,#763,#764);
#670=AXIS2_PLACEMENT_3D('',#958,#765,#766);
#671=AXIS2_PLACEMENT_3D('',#963,#769,#770);
#672=AXIS2_PLACEMENT_3D('',#966,#773,#774);
#673=AXIS2_PLACEMENT_3D('',#967,#775,#776);
#674=AXIS2_PLACEMENT_3D('',#980,#777,#778);
#675=AXIS2_PLACEMENT_3D('',#981,#779,#780);
#676=AXIS2_PLACEMENT_3D('',#983,#781,#782);
#677=AXIS2_PLACEMENT_3D('',#1805,#783,#784);
#678=AXIS2_PLACEMENT_3D('',#1806,#785,#786);
#679=AXIS2_PLACEMENT_3D('',#1808,#787,#788);
#680=AXIS2_PLACEMENT_3D('',#1810,#789,#790);
#681=AXIS2_PLACEMENT_3D('',#1811,#791,#792);
#682=AXIS2_PLACEMENT_3D('',#1812,#793,#794);
#683=AXIS2_PLACEMENT_3D('',#1814,#795,#796);
#684=AXIS2_PLACEMENT_3D('',#1816,#797,#798);
#685=AXIS2_PLACEMENT_3D('',#1817,#799,#800);
#686=AXIS2_PLACEMENT_3D('',#1819,#801,#802);
#687=AXIS2_PLACEMENT_3D('',#1820,#803,#804);
#688=AXIS2_PLACEMENT_3D('',#1821,#805,#806);
#689=AXIS2_PLACEMENT_3D('',#1823,#807,#808);
#690=AXIS2_PLACEMENT_3D('',#1825,#809,#810);
#691=AXIS2_PLACEMENT_3D('',#1826,#811,#812);
#692=AXIS2_PLACEMENT_3D('',#1827,#813,#814);
#693=AXIS2_PLACEMENT_3D('',#1829,#815,#816);
#694=AXIS2_PLACEMENT_3D('',#1830,#817,#818);
#695=AXIS2_PLACEMENT_3D('',#1832,#819,#820);
#696=AXIS2_PLACEMENT_3D('',#1834,#821,#822);
#697=AXIS2_PLACEMENT_3D('',#1835,#823,#824);
#698=AXIS2_PLACEMENT_3D('',#1837,#825,#826);
#699=AXIS2_PLACEMENT_3D('',#1838,#827,#828);
#700=AXIS2_PLACEMENT_3D('',#1840,#829,#830);
#701=AXIS2_PLACEMENT_3D('',#1841,#831,#832);
#702=AXIS2_PLACEMENT_3D('',#1842,#833,#834);
#703=AXIS2_PLACEMENT_3D('',#1843,#835,#836);
#704=AXIS2_PLACEMENT_3D('',#1844,#837,#838);
#705=AXIS2_PLACEMENT_3D('',#1845,#839,#840);
#706=AXIS2_PLACEMENT_3D('',#1847,#841,#842);
#707=AXIS2_PLACEMENT_3D('',#1848,#843,#844);
#708=AXIS2_PLACEMENT_3D('',#1849,#845,#846);
#709=AXIS2_PLACEMENT_3D('',#1851,#847,#848);
#710=AXIS2_PLACEMENT_3D('',#1852,#849,#850);
#711=AXIS2_PLACEMENT_3D('',#1853,#851,#852);
#712=AXIS2_PLACEMENT_3D('',#1854,#853,#854);
#713=AXIS2_PLACEMENT_3D('',#1855,#855,#856);
#714=AXIS2_PLACEMENT_3D('',#1856,#857,#858);
#715=AXIS2_PLACEMENT_3D('',#1858,#859,#860);
#716=AXIS2_PLACEMENT_3D('',#1940,#861,#862);
#717=AXIS2_PLACEMENT_3D('',#1941,#863,#864);
#718=AXIS2_PLACEMENT_3D('',#1943,#865,#866);
#719=AXIS2_PLACEMENT_3D('',#1945,#867,#868);
#720=AXIS2_PLACEMENT_3D('',#1946,#869,#870);
#721=AXIS2_PLACEMENT_3D('',#1948,#871,#872);
#722=AXIS2_PLACEMENT_3D('',#1950,#873,#874);
#723=AXIS2_PLACEMENT_3D('',#1951,#875,#876);
#724=AXIS2_PLACEMENT_3D('',#1952,#877,#878);
#725=AXIS2_PLACEMENT_3D('',#1954,#879,#880);
#726=AXIS2_PLACEMENT_3D('',#1956,#881,#882);
#727=AXIS2_PLACEMENT_3D('',#1957,#883,#884);
#728=AXIS2_PLACEMENT_3D('',#1959,#885,#886);
#729=AXIS2_PLACEMENT_3D('',#1960,#887,#888);
#730=AXIS2_PLACEMENT_3D('',#1961,#889,#890);
#731=AXIS2_PLACEMENT_3D('',#1962,#891,#892);
#732=AXIS2_PLACEMENT_3D('',#1963,#893,#894);
#733=AXIS2_PLACEMENT_3D('',#1965,#895,#896);
#734=AXIS2_PLACEMENT_3D('',#1967,#897,#898);
#735=AXIS2_PLACEMENT_3D('',#1968,#899,#900);
#736=AXIS2_PLACEMENT_3D('',#1970,#901,#902);
#737=AXIS2_PLACEMENT_3D('',#1971,#903,#904);
#738=AXIS2_PLACEMENT_3D('',#1972,#905,#906);
#739=AXIS2_PLACEMENT_3D('',#1974,#907,#908);
#740=AXIS2_PLACEMENT_3D('',#1975,#909,#910);
#741=AXIS2_PLACEMENT_3D('',#1977,#911,#912);
#742=AXIS2_PLACEMENT_3D('',#1978,#913,#914);
#743=AXIS2_PLACEMENT_3D('',#1979,#915,#916);
#744=AXIS2_PLACEMENT_3D('',#1980,#917,#918);
#745=DIRECTION('',(0.,0.,1.));
#746=DIRECTION('',(1.,0.,0.));
#747=DIRECTION('',(0.,1.,0.));
#748=DIRECTION('',(1.,0.,0.));
#749=DIRECTION('',(0.,0.,1.));
#750=DIRECTION('',(0.707106781186548,-0.707106781186548,0.));
#751=DIRECTION('',(0.,0.,-1.));
#752=DIRECTION('',(-1.,0.,0.));
#753=DIRECTION('',(0.,0.,1.));
#754=DIRECTION('',(1.,0.,0.));
#755=DIRECTION('',(0.,0.,1.));
#756=DIRECTION('',(1.,0.,0.));
#757=DIRECTION('',(0.,0.,-1.));
#758=DIRECTION('',(-1.,0.,0.));
#759=DIRECTION('',(0.,0.,1.));
#760=DIRECTION('',(1.,0.,0.));
#761=DIRECTION('',(0.,0.,1.));
#762=DIRECTION('',(1.,0.,0.));
#763=DIRECTION('',(0.,0.,1.));
#764=DIRECTION('',(1.,0.,0.));
#765=DIRECTION('',(0.,0.,1.));
#766=DIRECTION('',(1.,0.,0.));
#767=DIRECTION('',(0.707106781186548,-0.707106781186548,0.));
#768=DIRECTION('',(0.707106781186548,-0.707106781186548,0.));
#769=DIRECTION('',(0.,0.,1.));
#770=DIRECTION('',(1.,0.,0.));
#771=DIRECTION('',(0.707106781186548,-0.707106781186548,0.));
#772=DIRECTION('',(0.707106781186548,-0.707106781186548,0.));
#773=DIRECTION('',(0.,0.,-1.));
#774=DIRECTION('',(-1.,0.,0.));
#775=DIRECTION('',(0.,0.,1.));
#776=DIRECTION('',(1.,0.,0.));
#777=DIRECTION('',(0.,0.,-1.));
#778=DIRECTION('',(-1.,0.,0.));
#779=DIRECTION('',(0.,0.,1.));
#780=DIRECTION('',(1.,0.,0.));
#781=DIRECTION('',(0.,0.,1.));
#782=DIRECTION('',(1.,0.,0.));
#783=DIRECTION('',(0.,0.,-1.));
#784=DIRECTION('',(-1.,0.,0.));
#785=DIRECTION('',(0.,0.,1.));
#786=DIRECTION('',(1.,0.,0.));
#787=DIRECTION('',(0.,0.,1.));
#788=DIRECTION('',(1.,0.,0.));
#789=DIRECTION('',(0.,0.,1.));
#790=DIRECTION('',(1.,0.,0.));
#791=DIRECTION('',(0.,0.,-1.));
#792=DIRECTION('',(-1.,0.,0.));
#793=DIRECTION('',(0.,0.,1.));
#794=DIRECTION('',(1.,0.,0.));
#795=DIRECTION('',(0.,0.,1.));
#796=DIRECTION('',(1.,0.,0.));
#797=DIRECTION('',(0.,0.,1.));
#798=DIRECTION('',(1.,0.,0.));
#799=DIRECTION('',(0.,0.,1.));
#800=DIRECTION('',(1.,0.,0.));
#801=DIRECTION('',(0.,0.,1.));
#802=DIRECTION('',(1.,0.,0.));
#803=DIRECTION('',(0.,0.,-1.));
#804=DIRECTION('',(-1.,0.,0.));
#805=DIRECTION('',(0.,0.,1.));
#806=DIRECTION('',(1.,0.,0.));
#807=DIRECTION('',(0.,0.,1.));
#808=DIRECTION('',(1.,0.,0.));
#809=DIRECTION('',(0.,0.,1.));
#810=DIRECTION('',(1.,0.,0.));
#811=DIRECTION('',(0.,0.,1.));
#812=DIRECTION('',(1.,0.,0.));
#813=DIRECTION('',(0.,0.,1.));
#814=DIRECTION('',(1.,0.,0.));
#815=DIRECTION('',(0.,0.,-1.));
#816=DIRECTION('',(-1.,0.,0.));
#817=DIRECTION('',(0.,0.,1.));
#818=DIRECTION('',(1.,0.,0.));
#819=DIRECTION('',(0.,0.,1.));
#820=DIRECTION('',(1.,0.,0.));
#821=DIRECTION('',(0.,0.,1.));
#822=DIRECTION('',(1.,0.,0.));
#823=DIRECTION('',(0.,0.,1.));
#824=DIRECTION('',(1.,0.,0.));
#825=DIRECTION('',(0.,0.,1.));
#826=DIRECTION('',(1.,0.,0.));
#827=DIRECTION('',(0.,0.,1.));
#828=DIRECTION('',(1.,0.,0.));
#829=DIRECTION('',(0.,0.,-1.));
#830=DIRECTION('',(-1.,0.,0.));
#831=DIRECTION('',(0.,0.,-1.));
#832=DIRECTION('',(-1.,0.,0.));
#833=DIRECTION('',(0.,0.,1.));
#834=DIRECTION('',(1.,0.,0.));
#835=DIRECTION('',(0.,0.,1.));
#836=DIRECTION('',(1.,0.,0.));
#837=DIRECTION('',(0.707106781186548,-0.707106781186548,0.));
#838=DIRECTION('',(0.707106781186548,0.707106781186548,0.));
#839=DIRECTION('',(-0.707106781186548,0.707106781186548,0.));
#840=DIRECTION('',(-0.707106781186548,-0.707106781186548,0.));
#841=DIRECTION('',(-0.707106781186548,0.707106781186548,0.));
#842=DIRECTION('',(-0.707106781186548,-0.707106781186548,0.));
#843=DIRECTION('',(0.707106781186548,-0.707106781186548,0.));
#844=DIRECTION('',(0.707106781186548,0.707106781186548,0.));
#845=DIRECTION('',(-0.707106781186548,0.707106781186548,0.));
#846=DIRECTION('',(-0.707106781186548,-0.707106781186548,0.));
#847=DIRECTION('',(-0.707106781186548,0.707106781186548,0.));
#848=DIRECTION('',(-0.707106781186548,-0.707106781186548,0.));
#849=DIRECTION('',(0.,0.,1.));
#850=DIRECTION('',(0.707106781186548,-0.707106781186548,0.));
#851=DIRECTION('',(0.,0.,1.));
#852=DIRECTION('',(-0.707106781186547,0.707106781186548,0.));
#853=DIRECTION('',(0.,0.,1.));
#854=DIRECTION('',(-0.707106781186547,0.707106781186548,0.));
#855=DIRECTION('',(0.,0.,-1.));
#856=DIRECTION('',(-1.,0.,0.));
#857=DIRECTION('',(0.,0.,1.));
#858=DIRECTION('',(1.,0.,0.));
#859=DIRECTION('',(0.,0.,1.));
#860=DIRECTION('',(1.,0.,0.));
#861=DIRECTION('',(0.,0.,-1.));
#862=DIRECTION('',(-1.,0.,0.));
#863=DIRECTION('',(0.,0.,1.));
#864=DIRECTION('',(1.,0.,0.));
#865=DIRECTION('',(0.,0.,1.));
#866=DIRECTION('',(1.,0.,0.));
#867=DIRECTION('',(0.,0.,1.));
#868=DIRECTION('',(1.,0.,0.));
#869=DIRECTION('',(0.,0.,1.));
#870=DIRECTION('',(1.,0.,0.));
#871=DIRECTION('',(0.,0.,1.));
#872=DIRECTION('',(1.,0.,0.));
#873=DIRECTION('',(0.,0.,1.));
#874=DIRECTION('',(1.,0.,0.));
#875=DIRECTION('',(0.,0.,-1.));
#876=DIRECTION('',(-1.,0.,0.));
#877=DIRECTION('',(0.,0.,1.));
#878=DIRECTION('',(1.,0.,0.));
#879=DIRECTION('',(0.,0.,1.));
#880=DIRECTION('',(1.,0.,0.));
#881=DIRECTION('',(0.,0.,1.));
#882=DIRECTION('',(1.,0.,0.));
#883=DIRECTION('',(0.,0.,-1.));
#884=DIRECTION('',(-1.,0.,0.));
#885=DIRECTION('',(0.,0.,1.));
#886=DIRECTION('',(1.,0.,0.));
#887=DIRECTION('',(0.,0.,1.));
#888=DIRECTION('',(1.,0.,0.));
#889=DIRECTION('',(0.,0.,1.));
#890=DIRECTION('',(1.,0.,0.));
#891=DIRECTION('',(0.,0.,-1.));
#892=DIRECTION('',(-1.,0.,0.));
#893=DIRECTION('',(0.,0.,1.));
#894=DIRECTION('',(1.,0.,0.));
#895=DIRECTION('',(0.,0.,1.));
#896=DIRECTION('',(1.,0.,0.));
#897=DIRECTION('',(0.,0.,1.));
#898=DIRECTION('',(1.,0.,0.));
#899=DIRECTION('',(0.,0.,1.));
#900=DIRECTION('',(1.,0.,0.));
#901=DIRECTION('',(0.,0.,1.));
#902=DIRECTION('',(1.,0.,0.));
#903=DIRECTION('',(0.,0.,-1.));
#904=DIRECTION('',(-1.,0.,0.));
#905=DIRECTION('',(0.,0.,1.));
#906=DIRECTION('',(1.,0.,0.));
#907=DIRECTION('',(0.,0.,1.));
#908=DIRECTION('',(1.,0.,0.));
#909=DIRECTION('',(0.,0.,1.));
#910=DIRECTION('',(1.,0.,0.));
#911=DIRECTION('',(0.,0.,-1.));
#912=DIRECTION('',(-1.,0.,0.));
#913=DIRECTION('',(0.,1.,0.));
#914=DIRECTION('',(0.,0.,1.));
#915=DIRECTION('',(0.,1.,0.));
#916=DIRECTION('',(0.,0.,1.));
#917=DIRECTION('',(0.,0.,1.));
#918=DIRECTION('',(1.,0.,0.));
#919=CARTESIAN_POINT('',(0.,0.,0.));
#920=CARTESIAN_POINT('',(-0.0392362962617306,0.0390560542104663,0.92));
#921=CARTESIAN_POINT('',(-0.0392362962617306,0.0515547671697656,0.92));
#922=CARTESIAN_POINT('',(-0.0392362962617306,0.0265573412511671,0.92));
#923=CARTESIAN_POINT('',(-1.90819582357449E-17,-0.187867935102104,-0.01));
#924=CARTESIAN_POINT('',(0.,4.59242549680257E-18,0.175));
#925=CARTESIAN_POINT('',(0.,4.59242549680257E-18,0.075));
#926=CARTESIAN_POINT('',(0.075,4.59242549680257E-18,0.075));
#927=CARTESIAN_POINT('',(-0.0420816666399991,0.0620816666399992,0.175));
#928=CARTESIAN_POINT('',(-0.0417429782953821,0.0623112444007844,0.173863467789196));
#929=CARTESIAN_POINT('',(-0.0413002420522396,0.0626044994384628,0.171537345179324));
#930=CARTESIAN_POINT('',(-0.0413731414580297,0.0625553199603486,0.166691196960617));
#931=CARTESIAN_POINT('',(-0.0433002401720612,0.0612854848688859,0.16100462914489));
#932=CARTESIAN_POINT('',(-0.047790113931704,0.0579273193376865,0.156168157503936));
#933=CARTESIAN_POINT('',(-0.0531056438847707,0.0531346936540851,0.154415415036844));
#934=CARTESIAN_POINT('',(-0.0579325619968524,0.047784748886322,0.156170213319631));
#935=CARTESIAN_POINT('',(-0.0612751324591599,0.043314834278721,0.160981529219101));
#936=CARTESIAN_POINT('',(-0.0628082638661036,0.0409866420821279,0.16782990676576));
#937=CARTESIAN_POINT('',(-0.0625408625499962,0.0414042303670786,0.172726735634165));
#938=CARTESIAN_POINT('',(-0.0620816666399992,0.0420816666399991,0.175));
#939=CARTESIAN_POINT('',(-0.0420816666399991,0.0620816666399992,0.175));
#940=CARTESIAN_POINT('',(-0.0620816666399991,0.0420816666399991,0.175));
#941=CARTESIAN_POINT('',(0.,4.59242549680257E-18,0.175));
#942=CARTESIAN_POINT('',(0.,9.20015907859449E-18,0.18));
#943=CARTESIAN_POINT('',(-0.0447135157448255,0.0605249040456674,0.18));
#944=CARTESIAN_POINT('',(-0.0436442591075522,0.061314830510481,0.178530186702527));
#945=CARTESIAN_POINT('',(-0.0428171700612141,0.061884595952316,0.176865148217796));
#946=CARTESIAN_POINT('',(-0.0422616613781078,0.0622616613781078,0.175));
#947=CARTESIAN_POINT('',(-0.0447135157448255,0.0605249040456674,0.18));
#948=CARTESIAN_POINT('',(-0.0422616613781078,0.0622616613781078,0.175));
#949=CARTESIAN_POINT('',(0.,9.20015907859449E-18,0.18));
#950=CARTESIAN_POINT('',(-0.0605249040456674,0.0447135157448255,0.18));
#951=CARTESIAN_POINT('',(-0.0622616613781078,0.0422616613781078,0.175));
#952=CARTESIAN_POINT('',(-0.061884595952316,0.0428171700612141,0.176865148217796));
#953=CARTESIAN_POINT('',(-0.061314830510481,0.0436442591075522,0.178530186702527));
#954=CARTESIAN_POINT('',(-0.0605249040456674,0.0447135157448255,0.18));
#955=CARTESIAN_POINT('',(-0.0622616613781077,0.0422616613781078,0.175));
#956=CARTESIAN_POINT('',(0.,9.20015907859449E-18,0.175));
#957=CARTESIAN_POINT('',(0.,0.,0.18));
#958=CARTESIAN_POINT('',(0.,4.59242549680257E-18,0.18));
#959=CARTESIAN_POINT('',(-0.0603461365589285,0.0445347482580866,0.18));
#960=CARTESIAN_POINT('',(-0.0445347482580866,0.0603461365589285,0.18));
#961=CARTESIAN_POINT('',(-0.0786163722690757,0.0628049839682338,0.18));
#962=CARTESIAN_POINT('',(-0.0628049839682338,0.0786163722690757,0.18));
#963=CARTESIAN_POINT('',(0.,0.,0.175));
#964=CARTESIAN_POINT('',(-0.0807106781186548,0.0607106781186548,0.175));
#965=CARTESIAN_POINT('',(-0.0607106781186548,0.0807106781186548,0.175));
#966=CARTESIAN_POINT('',(0.,4.59242549680257E-18,0.33));
#967=CARTESIAN_POINT('',(0.,4.59242549680257E-18,0.33));
#968=CARTESIAN_POINT('',(0.075,4.59242549680257E-18,0.33));
#969=CARTESIAN_POINT('',(-0.0603461365589285,0.0445347482580866,0.18));
#970=CARTESIAN_POINT('',(-0.0599222298124044,0.0451091566788045,0.180789237437794));
#971=CARTESIAN_POINT('',(-0.0589794988194207,0.0463532953517268,0.182190467484665));
#972=CARTESIAN_POINT('',(-0.057228482906059,0.0485048612947557,0.183795017738698));
#973=CARTESIAN_POINT('',(-0.0552436504179252,0.0507577177483393,0.18477357640623));
#974=CARTESIAN_POINT('',(-0.0530492018827275,0.0530491043579342,0.185113083195505));
#975=CARTESIAN_POINT('',(-0.0507592877589326,0.0552422221710285,0.18477409077986));
#976=CARTESIAN_POINT('',(-0.0485035651926045,0.0572296209645985,0.183794437830979));
#977=CARTESIAN_POINT('',(-0.046352904775288,0.0589797727635382,0.182189929098518));
#978=CARTESIAN_POINT('',(-0.045109160313005,0.0599222271304066,0.180789242431187));
#979=CARTESIAN_POINT('',(-0.0445347482580866,0.0603461365589285,0.18));
#980=CARTESIAN_POINT('',(0.,4.59242549680257E-18,0.795));
#981=CARTESIAN_POINT('',(0.,4.59242549680257E-18,0.795));
#982=CARTESIAN_POINT('',(0.075,4.59242549680257E-18,0.795));
#983=CARTESIAN_POINT('',(0.,4.59242549680257E-18,0.645));
#984=CARTESIAN_POINT('',(0.075,4.59242549680257E-18,0.645));
#985=CARTESIAN_POINT('',(-0.0420361626658736,0.062125439257209,0.690925652125923));
#986=CARTESIAN_POINT('',(-0.0410155556009104,0.0627886287267689,0.684995221432372));
#987=CARTESIAN_POINT('',(-0.0420311499860932,0.062128801504903,0.679093462144587));
#988=CARTESIAN_POINT('',(-0.0448084071418759,0.0601933085927381,0.674117663071253));
#989=CARTESIAN_POINT('',(-0.0487412705905555,0.0570934271866194,0.670788790653836));
#990=CARTESIAN_POINT('',(-0.0530834238576945,0.0530977720321851,0.669607407592635));
#991=CARTESIAN_POINT('',(-0.0570854005277776,0.0487512167408241,0.670781594753293));
#992=CARTESIAN_POINT('',(-0.0601944274656073,0.0448071577597201,0.674117643514148));
#993=CARTESIAN_POINT('',(-0.0621295099664615,0.0420299914646085,0.679096047620109));
#994=CARTESIAN_POINT('',(-0.0627867620620748,0.0410183873876812,0.684993649683439));
#995=CARTESIAN_POINT('',(-0.0621321932630412,0.0420260003816517,0.690892739419956));
#996=CARTESIAN_POINT('',(-0.0602002100803093,0.0447989592873529,0.695870533088562));
#997=CARTESIAN_POINT('',(-0.0571016463913837,0.0487319163135953,0.699207463616139));
#998=CARTESIAN_POINT('',(-0.0530979976705962,0.0530836113185731,0.700393903018405));
#999=CARTESIAN_POINT('',(-0.0487490625452448,0.0570870355952985,0.69921690215767));
#1000=CARTESIAN_POINT('',(-0.0448128543437441,0.0601900100734747,0.695885592171038));
#1001=CARTESIAN_POINT('',(-0.0420361626658736,0.062125439257209,0.690925652125923));
#1002=CARTESIAN_POINT('',(-0.0410155556009104,0.0627886287267689,0.684995221432372));
#1003=CARTESIAN_POINT('',(-0.0420311499860932,0.062128801504903,0.679093462144587));
#1004=CARTESIAN_POINT('',(-0.0413549225092681,0.0625681259448646,0.685));
#1005=CARTESIAN_POINT('',(-0.0521917481570245,0.0539359268674765,0.79424999507388));
#1006=CARTESIAN_POINT('',(-0.052165258015132,0.0539007591628501,0.795));
#1007=CARTESIAN_POINT('',(-0.0477502633647681,0.0480395135560544,0.92));
#1008=CARTESIAN_POINT('',(-0.0539359268674765,0.0521917481570245,0.79424999507388));
#1009=CARTESIAN_POINT('',(-0.0539007591628501,0.052165258015132,0.795));
#1010=CARTESIAN_POINT('',(-0.0480395135560543,0.047750263364768,0.92));
#1011=CARTESIAN_POINT('',(-0.0547866075483672,0.0512982502962233,0.79424999507388));
#1012=CARTESIAN_POINT('',(-0.0547472075738876,0.0512762054463718,0.795));
#1013=CARTESIAN_POINT('',(-0.0481805882912273,0.0476020879366413,0.92));
#1014=CARTESIAN_POINT('',(-0.0564431025262431,0.0494705897324809,0.79424999507388));
#1015=CARTESIAN_POINT('',(-0.0563954612293562,0.049457637780681,0.795));
#1016=CARTESIAN_POINT('',(-0.0484552972338054,0.0472989933256928,0.92));
#1017=CARTESIAN_POINT('',(-0.0572489166629523,0.048536427206377,0.79424999507388));
#1018=CARTESIAN_POINT('',(-0.0571972663143087,0.048528122859708,0.795));
#1019=CARTESIAN_POINT('',(-0.0485889314146308,0.0471440741721973,0.92));
#1020=CARTESIAN_POINT('',(-0.0588137372667586,0.0466296877837262,0.79424999507388));
#1021=CARTESIAN_POINT('',(-0.0587543016901018,0.0466308697648389,0.795));
#1022=CARTESIAN_POINT('',(-0.0488484373105963,0.0468278653230525,0.92));
#1023=CARTESIAN_POINT('',(-0.0595727435824499,0.045657111071668,0.79424999507388));
#1024=CARTESIAN_POINT('',(-0.0595095318302898,0.0456631317745136,0.795));
#1025=CARTESIAN_POINT('',(-0.0489743090006276,0.0466665756579983,0.92));
#1026=CARTESIAN_POINT('',(-0.0610421200222901,0.0436758862923887,0.79424999507388));
#1027=CARTESIAN_POINT('',(-0.0609715978918069,0.0436917638993514,0.795));
#1028=CARTESIAN_POINT('',(-0.0492179866775471,0.0463380143454712,0.92));
#1029=CARTESIAN_POINT('',(-0.0617524900042678,0.0426672384168633,0.79424999507388));
#1030=CARTESIAN_POINT('',(-0.0616784336716723,0.0426881342052564,0.795));
#1031=CARTESIAN_POINT('',(-0.049335792640858,0.0461707427297887,0.92));
#1032=CARTESIAN_POINT('',(-0.0631228824235961,0.0406163012249836,0.79424999507388));
#1033=CARTESIAN_POINT('',(-0.0630420081737095,0.0406474007476839,0.795));
#1034=CARTESIAN_POINT('',(-0.0495630550578642,0.04583062048686,0.92));
#1035=CARTESIAN_POINT('',(-0.0637829047283527,0.0395740121070701,0.79424999507388));
#1036=CARTESIAN_POINT('',(-0.0636987467639471,0.0396102971816598,0.795));
#1037=CARTESIAN_POINT('',(-0.0496725114895705,0.0456577698925226,0.92));
#1038=CARTESIAN_POINT('',(-0.0650510117317986,0.037458303389926,0.79424999507388));
#1039=CARTESIAN_POINT('',(-0.0649605447360938,0.0375051144473234,0.795));
#1040=CARTESIAN_POINT('',(-0.0498828111515949,0.0453069061034666,0.92));
#1041=CARTESIAN_POINT('',(-0.0656590963077906,0.0363848839954034,0.79424999507388));
#1042=CARTESIAN_POINT('',(-0.0655656039959161,0.0364370354827004,0.795));
#1043=CARTESIAN_POINT('',(-0.0499836543615653,0.0451288929426961,0.92));
#1044=CARTESIAN_POINT('',(-0.0668218629145098,0.0342095006806089,0.79424999507388));
#1045=CARTESIAN_POINT('',(-0.066722585656337,0.0342724750411993,0.795));
#1046=CARTESIAN_POINT('',(-0.0501764846383022,0.0447681328691126,0.92));
#1047=CARTESIAN_POINT('',(-0.0673765448327322,0.0331075369708187,0.79424999507388));
#1048=CARTESIAN_POINT('',(-0.0672745079449905,0.0331759937737557,0.795));
#1049=CARTESIAN_POINT('',(-0.0502684716864111,0.0445853859912053,0.92));
#1050=CARTESIAN_POINT('',(-0.0684311698361228,0.0308777197473201,0.79424999507388));
#1051=CARTESIAN_POINT('',(-0.068323886023526,0.0309572702407866,0.795));
#1052=CARTESIAN_POINT('',(-0.0504433680328337,0.0442155987357104,0.92));
#1053=CARTESIAN_POINT('',(-0.0689311128192498,0.0297498664493601,0.79424999507388));
#1054=CARTESIAN_POINT('',(-0.0688213417118744,0.0298350281899362,0.795));
#1055=CARTESIAN_POINT('',(-0.050526277314225,0.044028558393902,0.92));
#1056=CARTESIAN_POINT('',(-0.0698750555353044,0.0274709871421578,0.79424999507388));
#1057=CARTESIAN_POINT('',(-0.0697605881648187,0.0275674866648273,0.795));
#1058=CARTESIAN_POINT('',(-0.0506828183897158,0.0436506348063839,0.92));
#1059=CARTESIAN_POINT('',(-0.0703190551768997,0.026319961353411,0.79424999507388));
#1060=CARTESIAN_POINT('',(-0.0702023788385367,0.0264221874099674,0.795));
#1061=CARTESIAN_POINT('',(-0.0507564501686688,0.0434597515972406,0.92));
#1062=CARTESIAN_POINT('',(-0.0711500415649358,0.0239975099823622,0.79424999507388));
#1063=CARTESIAN_POINT('',(-0.0710292309389164,0.0241112905988657,0.795));
#1064=CARTESIAN_POINT('',(-0.0508942588520654,0.0430746021287236,0.92));
#1065=CARTESIAN_POINT('',(-0.0715370282309733,0.0228260846247716,0.79424999507388));
#1066=CARTESIAN_POINT('',(-0.0714142922855749,0.0229456932662175,0.795));
#1067=CARTESIAN_POINT('',(-0.0509584357431751,0.0428803359066156,0.92));
#1068=CARTESIAN_POINT('',(-0.0722530563719962,0.0204656561786519,0.79424999507388));
#1069=CARTESIAN_POINT('',(-0.0721267580742564,0.0205970083219518,0.795));
#1070=CARTESIAN_POINT('',(-0.0510771800412887,0.0424888884159047,0.92));
#1071=CARTESIAN_POINT('',(-0.0725820977777013,0.0192766533185087,0.79424999507388));
#1072=CARTESIAN_POINT('',(-0.0724541624473439,0.019413920937584,0.795));
#1073=CARTESIAN_POINT('',(-0.0511317474368033,0.0422917071851767,0.92));
#1074=CARTESIAN_POINT('',(-0.0731814426972027,0.016883934276194,0.79424999507388));
#1075=CARTESIAN_POINT('',(-0.0730505255318377,0.0170331060479056,0.795));
#1076=CARTESIAN_POINT('',(-0.0512311412842189,0.0418949047035636,0.92));
#1077=CARTESIAN_POINT('',(-0.0734517461530084,0.0156802183255327,0.79424999507388));
#1078=CARTESIAN_POINT('',(-0.0733194841855421,0.0158353787729533,0.795));
#1079=CARTESIAN_POINT('',(-0.051275967726503,0.0416952834910716,0.92));
#1080=CARTESIAN_POINT('',(-0.0739329639765807,0.0132609729567732,0.79424999507388));
#1081=CARTESIAN_POINT('',(-0.0737983078749424,0.013428169529466,0.795));
#1082=CARTESIAN_POINT('',(-0.0513557716747364,0.0412940819504904,0.92));
#1083=CARTESIAN_POINT('',(-0.0741438782977863,0.0120454437727519,0.79424999507388));
#1084=CARTESIAN_POINT('',(-0.0740081728643091,0.0122186877938432,0.795));
#1085=CARTESIAN_POINT('',(-0.0513907491729642,0.0410925016612199,0.92));
#1086=CARTESIAN_POINT('',(-0.0745058097295428,0.00960550025154199,0.79424999507388));
#1087=CARTESIAN_POINT('',(-0.0743683036304081,0.00979088337446118,0.795));
#1088=CARTESIAN_POINT('',(-0.051450770967314,0.0406878675913229,0.92));
#1089=CARTESIAN_POINT('',(-0.0746568268050745,0.00838108615043285,0.79424999507388));
#1090=CARTESIAN_POINT('',(-0.0745185693722955,0.008572560925607,0.795));
#1091=CARTESIAN_POINT('',(-0.0514758152576286,0.0404848138498472,0.92));
#1092=CARTESIAN_POINT('',(-0.0748985999204947,0.00592632251442883,0.79424999507388));
#1093=CARTESIAN_POINT('',(-0.074759139628534,0.0061300101238272,0.795));
#1094=CARTESIAN_POINT('',(-0.051515910300335,0.0400777220495506,0.92));
#1095=CARTESIAN_POINT('',(-0.07498935593699,0.00469597321704738,0.79424999507388));
#1096=CARTESIAN_POINT('',(-0.0748494441196083,0.00490578200723335,0.795));
#1097=CARTESIAN_POINT('',(-0.0515309610488474,0.0398736840301183,0.92));
#1098=CARTESIAN_POINT('',(-0.0751103882834621,0.00223230320686032,0.79424999507388));
#1099=CARTESIAN_POINT('',(-0.0749698743111675,0.00245436914187942,0.795));
#1100=CARTESIAN_POINT('',(-0.0515510327474406,0.0394651152192259,0.92));
#1101=CARTESIAN_POINT('',(-0.0751406646017281,0.000998982732429854,0.79424999507388));
#1102=CARTESIAN_POINT('',(-0.075,0.00122718463030853,0.795));
#1103=CARTESIAN_POINT('',(-0.0515560536955793,0.0392605844672975,0.92));
#1104=CARTESIAN_POINT('',(-0.0751406646017281,-0.0014676584550937,0.79424999507388));
#1105=CARTESIAN_POINT('',(-0.075,-0.0012271846303085,0.795));
#1106=CARTESIAN_POINT('',(-0.0515560536955793,0.0388515229238613,0.92));
#1107=CARTESIAN_POINT('',(-0.0751103882834621,-0.00270097892952414,0.79424999507388));
#1108=CARTESIAN_POINT('',(-0.0749698743111675,-0.00245436914187936,0.795));
#1109=CARTESIAN_POINT('',(-0.0515510327474406,0.0386469921719328,0.92));
#1110=CARTESIAN_POINT('',(-0.07498935593699,-0.0051646489397112,0.79424999507388));
#1111=CARTESIAN_POINT('',(-0.0748494441196083,-0.00490578200723329,0.795));
#1112=CARTESIAN_POINT('',(-0.0515309610488474,0.0382384233610405,0.92));
#1113=CARTESIAN_POINT('',(-0.0748985999204947,-0.00639499823709262,0.79424999507388));
#1114=CARTESIAN_POINT('',(-0.074759139628534,-0.00613001012382711,0.795));
#1115=CARTESIAN_POINT('',(-0.051515910300335,0.0380343853416082,0.92));
#1116=CARTESIAN_POINT('',(-0.0746568268050745,-0.00884976187309663,0.79424999507388));
#1117=CARTESIAN_POINT('',(-0.0745185693722955,-0.0085725609256069,0.795));
#1118=CARTESIAN_POINT('',(-0.0514758152576286,0.0376272935413116,0.92));
#1119=CARTESIAN_POINT('',(-0.0745058097295428,-0.0100741759742058,0.79424999507388));
#1120=CARTESIAN_POINT('',(-0.0743683036304081,-0.00979088337446112,0.795));
#1121=CARTESIAN_POINT('',(-0.051450770967314,0.0374242397998359,0.92));
#1122=CARTESIAN_POINT('',(-0.0741438782977863,-0.0125141194954157,0.79424999507388));
#1123=CARTESIAN_POINT('',(-0.0740081728643091,-0.0122186877938431,0.795));
#1124=CARTESIAN_POINT('',(-0.0513907491729642,0.0370196057299389,0.92));
#1125=CARTESIAN_POINT('',(-0.0739329639765807,-0.013729648679437,0.79424999507388));
#1126=CARTESIAN_POINT('',(-0.0737983078749424,-0.0134281695294659,0.795));
#1127=CARTESIAN_POINT('',(-0.0513557716747364,0.0368180254406684,0.92));
#1128=CARTESIAN_POINT('',(-0.0734517461530085,-0.0161488940481965,0.79424999507388));
#1129=CARTESIAN_POINT('',(-0.0733194841855422,-0.0158353787729533,0.795));
#1130=CARTESIAN_POINT('',(-0.051275967726503,0.0364168239000872,0.92));
#1131=CARTESIAN_POINT('',(-0.0731814426972027,-0.0173526099988577,0.79424999507388));
#1132=CARTESIAN_POINT('',(-0.0730505255318377,-0.0170331060479054,0.795));
#1133=CARTESIAN_POINT('',(-0.0512311412842189,0.0362172026875951,0.92));
#1134=CARTESIAN_POINT('',(-0.0725820977777013,-0.0197453290411725,0.79424999507388));
#1135=CARTESIAN_POINT('',(-0.0724541624473439,-0.0194139209375839,0.795));
#1136=CARTESIAN_POINT('',(-0.0511317474368033,0.0358204002059821,0.92));
#1137=CARTESIAN_POINT('',(-0.0722530563719962,-0.0209343319013157,0.79424999507388));
#1138=CARTESIAN_POINT('',(-0.0721267580742564,-0.0205970083219518,0.795));
#1139=CARTESIAN_POINT('',(-0.0510771800412887,0.0356232189752541,0.92));
#1140=CARTESIAN_POINT('',(-0.0715370282309733,-0.0232947603474355,0.79424999507388));
#1141=CARTESIAN_POINT('',(-0.0714142922855749,-0.0229456932662175,0.795));
#1142=CARTESIAN_POINT('',(-0.0509584357431751,0.0352317714845431,0.92));
#1143=CARTESIAN_POINT('',(-0.0711500415649358,-0.024466185705026,0.79424999507388));
#1144=CARTESIAN_POINT('',(-0.0710292309389164,-0.0241112905988657,0.795));
#1145=CARTESIAN_POINT('',(-0.0508942588520655,0.0350375052624352,0.92));
#1146=CARTESIAN_POINT('',(-0.0703190551768998,-0.0267886370760748,0.79424999507388));
#1147=CARTESIAN_POINT('',(-0.0702023788385368,-0.0264221874099673,0.795));
#1148=CARTESIAN_POINT('',(-0.0507564501686688,0.0346523557939182,0.92));
#1149=CARTESIAN_POINT('',(-0.0698750555353044,-0.0279396628648216,0.79424999507388));
#1150=CARTESIAN_POINT('',(-0.0697605881648187,-0.0275674866648272,0.795));
#1151=CARTESIAN_POINT('',(-0.0506828183897158,0.0344614725847748,0.92));
#1152=CARTESIAN_POINT('',(-0.0689311128192498,-0.030218542172024,0.79424999507388));
#1153=CARTESIAN_POINT('',(-0.0688213417118744,-0.0298350281899361,0.795));
#1154=CARTESIAN_POINT('',(-0.050526277314225,0.0340835489972567,0.92));
#1155=CARTESIAN_POINT('',(-0.0684311698361228,-0.031346395469984,0.79424999507388));
#1156=CARTESIAN_POINT('',(-0.068323886023526,-0.0309572702407866,0.795));
#1157=CARTESIAN_POINT('',(-0.0504433680328337,0.0338965086554483,0.92));
#1158=CARTESIAN_POINT('',(-0.0673765448327322,-0.0335762126934825,0.79424999507388));
#1159=CARTESIAN_POINT('',(-0.0672745079449905,-0.0331759937737557,0.795));
#1160=CARTESIAN_POINT('',(-0.0502684716864111,0.0335267213999534,0.92));
#1161=CARTESIAN_POINT('',(-0.0668218629145099,-0.0346781764032727,0.79424999507388));
#1162=CARTESIAN_POINT('',(-0.0667225856563371,-0.0342724750411992,0.795));
#1163=CARTESIAN_POINT('',(-0.0501764846383022,0.0333439745220462,0.92));
#1164=CARTESIAN_POINT('',(-0.0656590963077908,-0.0368535597180672,0.79424999507388));
#1165=CARTESIAN_POINT('',(-0.0655656039959162,-0.0364370354827003,0.795));
#1166=CARTESIAN_POINT('',(-0.0499836543615653,0.0329832144484627,0.92));
#1167=CARTESIAN_POINT('',(-0.0650510117317986,-0.0379269791125899,0.79424999507388));
#1168=CARTESIAN_POINT('',(-0.0649605447360938,-0.0375051144473233,0.795));
#1169=CARTESIAN_POINT('',(-0.0498828111515949,0.0328052012876922,0.92));
#1170=CARTESIAN_POINT('',(-0.0637829047283527,-0.0400426878297339,0.79424999507388));
#1171=CARTESIAN_POINT('',(-0.0636987467639471,-0.0396102971816598,0.795));
#1172=CARTESIAN_POINT('',(-0.0496725114895705,0.0324543374986361,0.92));
#1173=CARTESIAN_POINT('',(-0.0631228824235961,-0.0410849769476474,0.79424999507388));
#1174=CARTESIAN_POINT('',(-0.0630420081737095,-0.0406474007476839,0.795));
#1175=CARTESIAN_POINT('',(-0.0495630550578642,0.0322814869042987,0.92));
#1176=CARTESIAN_POINT('',(-0.0617524900042678,-0.0431359141395271,0.79424999507388));
#1177=CARTESIAN_POINT('',(-0.0616784336716723,-0.0426881342052564,0.795));
#1178=CARTESIAN_POINT('',(-0.049335792640858,0.03194136466137,0.92));
#1179=CARTESIAN_POINT('',(-0.0610421200222901,-0.0441445620150526,0.79424999507388));
#1180=CARTESIAN_POINT('',(-0.060971597891807,-0.0436917638993514,0.795));
#1181=CARTESIAN_POINT('',(-0.0492179866775471,0.0317740930456875,0.92));
#1182=CARTESIAN_POINT('',(-0.0595727435824499,-0.0461257867943319,0.79424999507388));
#1183=CARTESIAN_POINT('',(-0.0595095318302898,-0.0456631317745136,0.795));
#1184=CARTESIAN_POINT('',(-0.0489743090006276,0.0314455317331605,0.92));
#1185=CARTESIAN_POINT('',(-0.0588137372667587,-0.04709836350639,0.79424999507388));
#1186=CARTESIAN_POINT('',(-0.0587543016901019,-0.0466308697648388,0.795));
#1187=CARTESIAN_POINT('',(-0.0488484373105963,0.0312842420681063,0.92));
#1188=CARTESIAN_POINT('',(-0.0572489166629523,-0.0490051029290408,0.79424999507388));
#1189=CARTESIAN_POINT('',(-0.0571972663143087,-0.0485281228597079,0.795));
#1190=CARTESIAN_POINT('',(-0.0485889314146308,0.0309680332189614,0.92));
#1191=CARTESIAN_POINT('',(-0.0564431025262432,-0.0499392654551446,0.79424999507388));
#1192=CARTESIAN_POINT('',(-0.0563954612293563,-0.0494576377806809,0.795));
#1193=CARTESIAN_POINT('',(-0.0484552972338054,0.0308131140654659,0.92));
#1194=CARTESIAN_POINT('',(-0.0547866075483673,-0.0517669260188871,0.79424999507388));
#1195=CARTESIAN_POINT('',(-0.0547472075738877,-0.0512762054463717,0.795));
#1196=CARTESIAN_POINT('',(-0.0481805882912273,0.0305100194545174,0.92));
#1197=CARTESIAN_POINT('',(-0.0539359268674766,-0.0526604238796884,0.79424999507388));
#1198=CARTESIAN_POINT('',(-0.0539007591628502,-0.052165258015132,0.795));
#1199=CARTESIAN_POINT('',(-0.0480395135560544,0.0303618440263907,0.92));
#1200=CARTESIAN_POINT('',(-0.0521917481570245,-0.0544046025901403,0.79424999507388));
#1201=CARTESIAN_POINT('',(-0.052165258015132,-0.0539007591628501,0.795));
#1202=CARTESIAN_POINT('',(-0.047750263364768,0.0300725938351044,0.92));
#1203=CARTESIAN_POINT('',(-0.0512982502962233,-0.0552552832710311,0.79424999507388));
#1204=CARTESIAN_POINT('',(-0.0512762054463718,-0.0547472075738876,0.795));
#1205=CARTESIAN_POINT('',(-0.0476020879366413,0.0299315190999315,0.92));
#1206=CARTESIAN_POINT('',(-0.0494705897324809,-0.056911778248907,0.79424999507388));
#1207=CARTESIAN_POINT('',(-0.049457637780681,-0.0563954612293562,0.795));
#1208=CARTESIAN_POINT('',(-0.0472989933256928,0.0296568101573534,0.92));
#1209=CARTESIAN_POINT('',(-0.0485364272063771,-0.0577175923856161,0.79424999507388));
#1210=CARTESIAN_POINT('',(-0.0485281228597081,-0.0571972663143086,0.795));
#1211=CARTESIAN_POINT('',(-0.0471440741721974,0.0295231759765281,0.92));
#1212=CARTESIAN_POINT('',(-0.0466296877837262,-0.0592824129894225,0.79424999507388));
#1213=CARTESIAN_POINT('',(-0.0466308697648389,-0.0587543016901018,0.795));
#1214=CARTESIAN_POINT('',(-0.0468278653230525,0.0292636700805624,0.92));
#1215=CARTESIAN_POINT('',(-0.045657111071668,-0.0600414193051138,0.79424999507388));
#1216=CARTESIAN_POINT('',(-0.0456631317745136,-0.0595095318302898,0.795));
#1217=CARTESIAN_POINT('',(-0.0466665756579983,0.0291377983905311,0.92));
#1218=CARTESIAN_POINT('',(-0.0436758862923887,-0.061510795744954,0.79424999507388));
#1219=CARTESIAN_POINT('',(-0.0436917638993514,-0.060971597891807,0.795));
#1220=CARTESIAN_POINT('',(-0.0463380143454712,0.0288941207136116,0.92));
#1221=CARTESIAN_POINT('',(-0.0426672384168633,-0.0622211657269317,0.79424999507388));
#1222=CARTESIAN_POINT('',(-0.0426881342052565,-0.0616784336716723,0.795));
#1223=CARTESIAN_POINT('',(-0.0461707427297887,0.0287763147503007,0.92));
#1224=CARTESIAN_POINT('',(-0.0406163012249836,-0.0635915581462599,0.79424999507388));
#1225=CARTESIAN_POINT('',(-0.0406474007476839,-0.0630420081737094,0.795));
#1226=CARTESIAN_POINT('',(-0.0458306204868601,0.0285490523332946,0.92));
#1227=CARTESIAN_POINT('',(-0.0395740121070701,-0.0642515804510166,0.79424999507388));
#1228=CARTESIAN_POINT('',(-0.0396102971816598,-0.0636987467639471,0.795));
#1229=CARTESIAN_POINT('',(-0.0456577698925227,0.0284395959015883,0.92));
#1230=CARTESIAN_POINT('',(-0.037458303389926,-0.0655196874544625,0.79424999507388));
#1231=CARTESIAN_POINT('',(-0.0375051144473234,-0.0649605447360938,0.795));
#1232=CARTESIAN_POINT('',(-0.0453069061034667,0.0282292962395639,0.92));
#1233=CARTESIAN_POINT('',(-0.0363848839954034,-0.0661277720304545,0.79424999507388));
#1234=CARTESIAN_POINT('',(-0.0364370354827004,-0.0655656039959161,0.795));
#1235=CARTESIAN_POINT('',(-0.0451288929426962,0.0281284530295935,0.92));
#1236=CARTESIAN_POINT('',(-0.0342095006806089,-0.0672905386371737,0.79424999507388));
#1237=CARTESIAN_POINT('',(-0.0342724750411993,-0.066722585656337,0.795));
#1238=CARTESIAN_POINT('',(-0.0447681328691127,0.0279356227528567,0.92));
#1239=CARTESIAN_POINT('',(-0.0331075369708188,-0.0678452205553961,0.79424999507388));
#1240=CARTESIAN_POINT('',(-0.0331759937737558,-0.0672745079449905,0.795));
#1241=CARTESIAN_POINT('',(-0.0445853859912053,0.0278436357047477,0.92));
#1242=CARTESIAN_POINT('',(-0.0308777197473202,-0.0688998455587866,0.79424999507388));
#1243=CARTESIAN_POINT('',(-0.0309572702407866,-0.068323886023526,0.795));
#1244=CARTESIAN_POINT('',(-0.0442155987357104,0.0276687393583251,0.92));
#1245=CARTESIAN_POINT('',(-0.0297498664493602,-0.0693997885419135,0.79424999507388));
#1246=CARTESIAN_POINT('',(-0.0298350281899363,-0.0688213417118743,0.795));
#1247=CARTESIAN_POINT('',(-0.0440285583939021,0.0275858300769337,0.92));
#1248=CARTESIAN_POINT('',(-0.0274709871421578,-0.0703437312579682,0.79424999507388));
#1249=CARTESIAN_POINT('',(-0.0275674866648273,-0.0697605881648186,0.795));
#1250=CARTESIAN_POINT('',(-0.0436506348063839,0.027429289001443,0.92));
#1251=CARTESIAN_POINT('',(-0.026319961353411,-0.0707877308995636,0.79424999507388));
#1252=CARTESIAN_POINT('',(-0.0264221874099674,-0.0702023788385367,0.795));
#1253=CARTESIAN_POINT('',(-0.0434597515972406,0.02735565722249,0.92));
#1254=CARTESIAN_POINT('',(-0.0239975099823622,-0.0716187172875997,0.79424999507388));
#1255=CARTESIAN_POINT('',(-0.0241112905988657,-0.0710292309389164,0.795));
#1256=CARTESIAN_POINT('',(-0.0430746021287236,0.0272178485390933,0.92));
#1257=CARTESIAN_POINT('',(-0.0228260846247717,-0.0720057039536372,0.79424999507388));
#1258=CARTESIAN_POINT('',(-0.0229456932662176,-0.0714142922855749,0.795));
#1259=CARTESIAN_POINT('',(-0.0428803359066156,0.0271536716479836,0.92));
#1260=CARTESIAN_POINT('',(-0.0208590609196719,-0.0726023940711562,0.79424999507388));
#1261=CARTESIAN_POINT('',(-0.0209884558126628,-0.0720080137761428,0.795));
#1262=CARTESIAN_POINT('',(-0.0425541296643565,0.0270547180662223,0.92));
#1263=CARTESIAN_POINT('',(-0.0196729876052231,-0.0729410930317968,0.79424999507388));
#1264=CARTESIAN_POINT('',(-0.01980828339904,-0.0723450276563147,0.795));
#1265=CARTESIAN_POINT('',(-0.042357434262086,0.0269985490861936,0.92));
#1266=CARTESIAN_POINT('',(-0.0184790803044038,-0.073250555140199,0.79424999507388));
#1267=CARTESIAN_POINT('',(-0.0186203159743579,-0.0726529501421752,0.795));
#1268=CARTESIAN_POINT('',(-0.0421594396913057,0.0269472286718835,0.92));
#1269=CARTESIAN_POINT('',(-0.016883934276194,-0.0736501184198665,0.79424999507388));
#1270=CARTESIAN_POINT('',(-0.0170331060479056,-0.0730505255318377,0.795));
#1271=CARTESIAN_POINT('',(-0.0418949047035636,0.0268809661069398,0.92));
#1272=CARTESIAN_POINT('',(-0.0156802183255327,-0.0739204218756723,0.79424999507388));
#1273=CARTESIAN_POINT('',(-0.0158353787729534,-0.0733194841855421,0.795));
#1274=CARTESIAN_POINT('',(-0.0416952834910716,0.0268361396646557,0.92));
#1275=CARTESIAN_POINT('',(-0.0132609729567733,-0.0744016396992445,0.79424999507388));
#1276=CARTESIAN_POINT('',(-0.013428169529466,-0.0737983078749424,0.795));
#1277=CARTESIAN_POINT('',(-0.0412940819504904,0.0267563357164223,0.92));
#1278=CARTESIAN_POINT('',(-0.012045443772752,-0.0746125540204502,0.79424999507388));
#1279=CARTESIAN_POINT('',(-0.0122186877938432,-0.0740081728643091,0.795));
#1280=CARTESIAN_POINT('',(-0.0410925016612199,0.0267213582181946,0.92));
#1281=CARTESIAN_POINT('',(-0.00960550025154205,-0.0749744854522067,0.79424999507388));
#1282=CARTESIAN_POINT('',(-0.00979088337446124,-0.0743683036304081,0.795));
#1283=CARTESIAN_POINT('',(-0.0406878675913229,0.0266613364238447,0.92));
#1284=CARTESIAN_POINT('',(-0.00838108615043292,-0.0751255025277384,0.79424999507388));
#1285=CARTESIAN_POINT('',(-0.00857256092560706,-0.0745185693722955,0.795));
#1286=CARTESIAN_POINT('',(-0.0404848138498472,0.0266362921335302,0.92));
#1287=CARTESIAN_POINT('',(-0.00592632251442891,-0.0753672756431586,0.79424999507388));
#1288=CARTESIAN_POINT('',(-0.00613001012382727,-0.074759139628534,0.795));
#1289=CARTESIAN_POINT('',(-0.0400777220495506,0.0265961970908238,0.92));
#1290=CARTESIAN_POINT('',(-0.00469597321704735,-0.0754580316596539,0.79424999507388));
#1291=CARTESIAN_POINT('',(-0.00490578200723332,-0.0748494441196083,0.795));
#1292=CARTESIAN_POINT('',(-0.0398736840301182,0.0265811463423114,0.92));
#1293=CARTESIAN_POINT('',(-0.00223230320686029,-0.0755790640061259,0.79424999507388));
#1294=CARTESIAN_POINT('',(-0.00245436914187939,-0.0749698743111675,0.795));
#1295=CARTESIAN_POINT('',(-0.0394651152192259,0.0265610746437182,0.92));
#1296=CARTESIAN_POINT('',(-0.000998982732429854,-0.0756093403243919,0.79424999507388));
#1297=CARTESIAN_POINT('',(-0.00122718463030853,-0.075,0.795));
#1298=CARTESIAN_POINT('',(-0.0392605844672975,0.0265560536955794,0.92));
#1299=CARTESIAN_POINT('',(0.00146765845509371,-0.0756093403243919,0.79424999507388));
#1300=CARTESIAN_POINT('',(0.0012271846303085,-0.075,0.795));
#1301=CARTESIAN_POINT('',(-0.0388515229238613,0.0265560536955794,0.92));
#1302=CARTESIAN_POINT('',(0.00270097892952414,-0.0755790640061259,0.79424999507388));
#1303=CARTESIAN_POINT('',(0.00245436914187936,-0.0749698743111675,0.795));
#1304=CARTESIAN_POINT('',(-0.0386469921719328,0.0265610746437182,0.92));
#1305=CARTESIAN_POINT('',(0.0051646489397112,-0.0754580316596539,0.79424999507388));
#1306=CARTESIAN_POINT('',(0.00490578200723329,-0.0748494441196083,0.795));
#1307=CARTESIAN_POINT('',(-0.0382384233610405,0.0265811463423114,0.92));
#1308=CARTESIAN_POINT('',(0.00639499823709262,-0.0753672756431586,0.79424999507388));
#1309=CARTESIAN_POINT('',(0.00613001012382711,-0.074759139628534,0.795));
#1310=CARTESIAN_POINT('',(-0.0380343853416082,0.0265961970908238,0.92));
#1311=CARTESIAN_POINT('',(0.00884976187309664,-0.0751255025277384,0.79424999507388));
#1312=CARTESIAN_POINT('',(0.00857256092560691,-0.0745185693722955,0.795));
#1313=CARTESIAN_POINT('',(-0.0376272935413116,0.0266362921335302,0.92));
#1314=CARTESIAN_POINT('',(0.0100741759742058,-0.0749744854522067,0.79424999507388));
#1315=CARTESIAN_POINT('',(0.00979088337446109,-0.0743683036304081,0.795));
#1316=CARTESIAN_POINT('',(-0.0374242397998359,0.0266613364238447,0.92));
#1317=CARTESIAN_POINT('',(0.0125141194954157,-0.0746125540204502,0.79424999507388));
#1318=CARTESIAN_POINT('',(0.0122186877938431,-0.0740081728643091,0.795));
#1319=CARTESIAN_POINT('',(-0.0370196057299389,0.0267213582181946,0.92));
#1320=CARTESIAN_POINT('',(0.013729648679437,-0.0744016396992445,0.79424999507388));
#1321=CARTESIAN_POINT('',(0.0134281695294659,-0.0737983078749424,0.795));
#1322=CARTESIAN_POINT('',(-0.0368180254406684,0.0267563357164223,0.92));
#1323=CARTESIAN_POINT('',(0.0161488940481965,-0.0739204218756724,0.79424999507388));
#1324=CARTESIAN_POINT('',(0.0158353787729532,-0.0733194841855422,0.795));
#1325=CARTESIAN_POINT('',(-0.0364168239000872,0.0268361396646557,0.92));
#1326=CARTESIAN_POINT('',(0.0173526099988577,-0.0736501184198665,0.79424999507388));
#1327=CARTESIAN_POINT('',(0.0170331060479054,-0.0730505255318377,0.795));
#1328=CARTESIAN_POINT('',(-0.0362172026875951,0.0268809661069398,0.92));
#1329=CARTESIAN_POINT('',(0.0197453290411725,-0.0730507735003652,0.79424999507388));
#1330=CARTESIAN_POINT('',(0.0194139209375839,-0.0724541624473439,0.795));
#1331=CARTESIAN_POINT('',(-0.0358204002059821,0.0269803599543554,0.92));
#1332=CARTESIAN_POINT('',(0.0209343319013157,-0.0727217320946601,0.79424999507388));
#1333=CARTESIAN_POINT('',(0.0205970083219517,-0.0721267580742564,0.795));
#1334=CARTESIAN_POINT('',(-0.0356232189752541,0.02703492734987,0.92));
#1335=CARTESIAN_POINT('',(0.0232947603474354,-0.0720057039536372,0.79424999507388));
#1336=CARTESIAN_POINT('',(0.0229456932662175,-0.0714142922855749,0.795));
#1337=CARTESIAN_POINT('',(-0.0352317714845431,0.0271536716479836,0.92));
#1338=CARTESIAN_POINT('',(0.0244661857050259,-0.0716187172875997,0.79424999507388));
#1339=CARTESIAN_POINT('',(0.0241112905988656,-0.0710292309389164,0.795));
#1340=CARTESIAN_POINT('',(-0.0350375052624351,0.0272178485390933,0.92));
#1341=CARTESIAN_POINT('',(0.0267886370760748,-0.0707877308995637,0.79424999507388));
#1342=CARTESIAN_POINT('',(0.0264221874099672,-0.0702023788385368,0.795));
#1343=CARTESIAN_POINT('',(-0.0346523557939182,0.0273556572224899,0.92));
#1344=CARTESIAN_POINT('',(0.0279396628648215,-0.0703437312579683,0.79424999507388));
#1345=CARTESIAN_POINT('',(0.0275674866648272,-0.0697605881648187,0.795));
#1346=CARTESIAN_POINT('',(-0.0344614725847749,0.027429289001443,0.92));
#1347=CARTESIAN_POINT('',(0.0302185421720239,-0.0693997885419136,0.79424999507388));
#1348=CARTESIAN_POINT('',(0.0298350281899361,-0.0688213417118744,0.795));
#1349=CARTESIAN_POINT('',(-0.0340835489972567,0.0275858300769337,0.92));
#1350=CARTESIAN_POINT('',(0.0313463954699839,-0.0688998455587868,0.79424999507388));
#1351=CARTESIAN_POINT('',(0.0309572702407865,-0.0683238860235261,0.795));
#1352=CARTESIAN_POINT('',(-0.0338965086554483,0.0276687393583251,0.92));
#1353=CARTESIAN_POINT('',(0.0335762126934825,-0.0678452205553961,0.79424999507388));
#1354=CARTESIAN_POINT('',(0.0331759937737556,-0.0672745079449905,0.795));
#1355=CARTESIAN_POINT('',(-0.0335267213999534,0.0278436357047477,0.92));
#1356=CARTESIAN_POINT('',(0.0346781764032726,-0.0672905386371738,0.79424999507388));
#1357=CARTESIAN_POINT('',(0.0342724750411992,-0.0667225856563371,0.795));
#1358=CARTESIAN_POINT('',(-0.0333439745220462,0.0279356227528566,0.92));
#1359=CARTESIAN_POINT('',(0.0368535597180671,-0.0661277720304546,0.79424999507388));
#1360=CARTESIAN_POINT('',(0.0364370354827003,-0.0655656039959162,0.795));
#1361=CARTESIAN_POINT('',(-0.0329832144484627,0.0281284530295934,0.92));
#1362=CARTESIAN_POINT('',(0.0379269791125899,-0.0655196874544625,0.79424999507388));
#1363=CARTESIAN_POINT('',(0.0375051144473234,-0.0649605447360938,0.795));
#1364=CARTESIAN_POINT('',(-0.0328052012876922,0.0282292962395638,0.92));
#1365=CARTESIAN_POINT('',(0.0400426878297339,-0.0642515804510166,0.79424999507388));
#1366=CARTESIAN_POINT('',(0.0396102971816598,-0.0636987467639471,0.795));
#1367=CARTESIAN_POINT('',(-0.0324543374986361,0.0284395959015882,0.92));
#1368=CARTESIAN_POINT('',(0.0410849769476474,-0.06359155814626,0.79424999507388));
#1369=CARTESIAN_POINT('',(0.0406474007476839,-0.0630420081737095,0.795));
#1370=CARTESIAN_POINT('',(-0.0322814869042987,0.0285490523332945,0.92));
#1371=CARTESIAN_POINT('',(0.0431359141395271,-0.0622211657269317,0.79424999507388));
#1372=CARTESIAN_POINT('',(0.0426881342052564,-0.0616784336716723,0.795));
#1373=CARTESIAN_POINT('',(-0.03194136466137,0.0287763147503007,0.92));
#1374=CARTESIAN_POINT('',(0.0441445620150526,-0.061510795744954,0.79424999507388));
#1375=CARTESIAN_POINT('',(0.0436917638993514,-0.060971597891807,0.795));
#1376=CARTESIAN_POINT('',(-0.0317740930456875,0.0288941207136116,0.92));
#1377=CARTESIAN_POINT('',(0.0461257867943319,-0.0600414193051138,0.79424999507388));
#1378=CARTESIAN_POINT('',(0.0456631317745136,-0.0595095318302898,0.795));
#1379=CARTESIAN_POINT('',(-0.0314455317331605,0.0291377983905311,0.92));
#1380=CARTESIAN_POINT('',(0.04709836350639,-0.0592824129894226,0.79424999507388));
#1381=CARTESIAN_POINT('',(0.0466308697648388,-0.0587543016901019,0.795));
#1382=CARTESIAN_POINT('',(-0.0312842420681063,0.0292636700805624,0.92));
#1383=CARTESIAN_POINT('',(0.0490051029290408,-0.0577175923856162,0.79424999507388));
#1384=CARTESIAN_POINT('',(0.0485281228597079,-0.0571972663143087,0.795));
#1385=CARTESIAN_POINT('',(-0.0309680332189614,0.029523175976528,0.92));
#1386=CARTESIAN_POINT('',(0.0499392654551446,-0.0569117782489071,0.79424999507388));
#1387=CARTESIAN_POINT('',(0.0494576377806809,-0.0563954612293563,0.795));
#1388=CARTESIAN_POINT('',(-0.0308131140654659,0.0296568101573533,0.92));
#1389=CARTESIAN_POINT('',(0.0517669260188871,-0.0552552832710312,0.79424999507388));
#1390=CARTESIAN_POINT('',(0.0512762054463717,-0.0547472075738877,0.795));
#1391=CARTESIAN_POINT('',(-0.0305100194545174,0.0299315190999314,0.92));
#1392=CARTESIAN_POINT('',(0.0526604238796884,-0.0544046025901404,0.79424999507388));
#1393=CARTESIAN_POINT('',(0.052165258015132,-0.0539007591628502,0.795));
#1394=CARTESIAN_POINT('',(-0.0303618440263907,0.0300725938351044,0.92));
#1395=CARTESIAN_POINT('',(0.0544046025901403,-0.0526604238796885,0.79424999507388));
#1396=CARTESIAN_POINT('',(0.0539007591628501,-0.0521652580151321,0.795));
#1397=CARTESIAN_POINT('',(-0.0300725938351044,0.0303618440263907,0.92));
#1398=CARTESIAN_POINT('',(0.0552552832710311,-0.0517669260188872,0.79424999507388));
#1399=CARTESIAN_POINT('',(0.0547472075738876,-0.0512762054463718,0.795));
#1400=CARTESIAN_POINT('',(-0.0299315190999315,0.0305100194545174,0.92));
#1401=CARTESIAN_POINT('',(0.056911778248907,-0.0499392654551447,0.79424999507388));
#1402=CARTESIAN_POINT('',(0.0563954612293562,-0.049457637780681,0.795));
#1403=CARTESIAN_POINT('',(-0.0296568101573534,0.0308131140654659,0.92));
#1404=CARTESIAN_POINT('',(0.0577175923856161,-0.049005102929041,0.79424999507388));
#1405=CARTESIAN_POINT('',(0.0571972663143086,-0.0485281228597081,0.795));
#1406=CARTESIAN_POINT('',(-0.029523175976528,0.0309680332189614,0.92));
#1407=CARTESIAN_POINT('',(0.0592824129894225,-0.0470983635063901,0.79424999507388));
#1408=CARTESIAN_POINT('',(0.0587543016901018,-0.0466308697648389,0.795));
#1409=CARTESIAN_POINT('',(-0.0292636700805624,0.0312842420681062,0.92));
#1410=CARTESIAN_POINT('',(0.0600414193051137,-0.046125786794332,0.79424999507388));
#1411=CARTESIAN_POINT('',(0.0595095318302897,-0.0456631317745137,0.795));
#1412=CARTESIAN_POINT('',(-0.0291377983905311,0.0314455317331604,0.92));
#1413=CARTESIAN_POINT('',(0.0615107957449539,-0.0441445620150527,0.79424999507388));
#1414=CARTESIAN_POINT('',(0.0609715978918069,-0.0436917638993515,0.795));
#1415=CARTESIAN_POINT('',(-0.0288941207136116,0.0317740930456875,0.92));
#1416=CARTESIAN_POINT('',(0.0622211657269317,-0.0431359141395271,0.79424999507388));
#1417=CARTESIAN_POINT('',(0.0616784336716723,-0.0426881342052564,0.795));
#1418=CARTESIAN_POINT('',(-0.0287763147503007,0.03194136466137,0.92));
#1419=CARTESIAN_POINT('',(0.06359155814626,-0.0410849769476474,0.79424999507388));
#1420=CARTESIAN_POINT('',(0.0630420081737095,-0.0406474007476839,0.795));
#1421=CARTESIAN_POINT('',(-0.0285490523332945,0.0322814869042987,0.92));
#1422=CARTESIAN_POINT('',(0.0642515804510166,-0.0400426878297339,0.79424999507388));
#1423=CARTESIAN_POINT('',(0.0636987467639471,-0.0396102971816598,0.795));
#1424=CARTESIAN_POINT('',(-0.0284395959015882,0.0324543374986361,0.92));
#1425=CARTESIAN_POINT('',(0.0655196874544625,-0.0379269791125899,0.79424999507388));
#1426=CARTESIAN_POINT('',(0.0649605447360938,-0.0375051144473234,0.795));
#1427=CARTESIAN_POINT('',(-0.0282292962395638,0.0328052012876922,0.92));
#1428=CARTESIAN_POINT('',(0.0661277720304546,-0.0368535597180672,0.79424999507388));
#1429=CARTESIAN_POINT('',(0.0655656039959162,-0.0364370354827004,0.795));
#1430=CARTESIAN_POINT('',(-0.0281284530295934,0.0329832144484627,0.92));
#1431=CARTESIAN_POINT('',(0.0672905386371738,-0.0346781764032727,0.79424999507388));
#1432=CARTESIAN_POINT('',(0.0667225856563371,-0.0342724750411993,0.795));
#1433=CARTESIAN_POINT('',(-0.0279356227528566,0.0333439745220462,0.92));
#1434=CARTESIAN_POINT('',(0.067845220555396,-0.0335762126934827,0.79424999507388));
#1435=CARTESIAN_POINT('',(0.0672745079449904,-0.0331759937737558,0.795));
#1436=CARTESIAN_POINT('',(-0.0278436357047477,0.0335267213999534,0.92));
#1437=CARTESIAN_POINT('',(0.0688998455587866,-0.0313463954699841,0.79424999507388));
#1438=CARTESIAN_POINT('',(0.068323886023526,-0.0309572702407867,0.795));
#1439=CARTESIAN_POINT('',(-0.0276687393583251,0.0338965086554483,0.92));
#1440=CARTESIAN_POINT('',(0.0693997885419135,-0.0302185421720241,0.79424999507388));
#1441=CARTESIAN_POINT('',(0.0688213417118743,-0.0298350281899363,0.795));
#1442=CARTESIAN_POINT('',(-0.0275858300769337,0.0340835489972567,0.92));
#1443=CARTESIAN_POINT('',(0.0703437312579682,-0.0279396628648217,0.79424999507388));
#1444=CARTESIAN_POINT('',(0.0697605881648186,-0.0275674866648273,0.795));
#1445=CARTESIAN_POINT('',(-0.027429289001443,0.0344614725847748,0.92));
#1446=CARTESIAN_POINT('',(0.0707877308995636,-0.0267886370760749,0.79424999507388));
#1447=CARTESIAN_POINT('',(0.0702023788385367,-0.0264221874099674,0.795));
#1448=CARTESIAN_POINT('',(-0.02735565722249,0.0346523557939182,0.92));
#1449=CARTESIAN_POINT('',(0.0716187172875997,-0.0244661857050261,0.79424999507388));
#1450=CARTESIAN_POINT('',(0.0710292309389164,-0.0241112905988657,0.795));
#1451=CARTESIAN_POINT('',(-0.0272178485390933,0.0350375052624351,0.92));
#1452=CARTESIAN_POINT('',(0.0720057039536372,-0.0232947603474356,0.79424999507388));
#1453=CARTESIAN_POINT('',(0.0714142922855749,-0.0229456932662176,0.795));
#1454=CARTESIAN_POINT('',(-0.0271536716479836,0.0352317714845431,0.92));
#1455=CARTESIAN_POINT('',(0.0727217320946601,-0.0209343319013158,0.79424999507388));
#1456=CARTESIAN_POINT('',(0.0721267580742564,-0.0205970083219519,0.795));
#1457=CARTESIAN_POINT('',(-0.02703492734987,0.0356232189752541,0.92));
#1458=CARTESIAN_POINT('',(0.0730507735003652,-0.0197453290411727,0.79424999507388));
#1459=CARTESIAN_POINT('',(0.0724541624473439,-0.0194139209375841,0.795));
#1460=CARTESIAN_POINT('',(-0.0269803599543554,0.035820400205982,0.92));
#1461=CARTESIAN_POINT('',(0.0736501184198665,-0.0173526099988579,0.79424999507388));
#1462=CARTESIAN_POINT('',(0.0730505255318377,-0.0170331060479056,0.795));
#1463=CARTESIAN_POINT('',(-0.0268809661069398,0.0362172026875951,0.92));
#1464=CARTESIAN_POINT('',(0.0739204218756723,-0.0161488940481965,0.79424999507388));
#1465=CARTESIAN_POINT('',(0.0733194841855421,-0.0158353787729533,0.795));
#1466=CARTESIAN_POINT('',(-0.0268361396646557,0.0364168239000872,0.92));
#1467=CARTESIAN_POINT('',(0.0744016396992445,-0.0137296486794371,0.79424999507388));
#1468=CARTESIAN_POINT('',(0.0737983078749424,-0.013428169529466,0.795));
#1469=CARTESIAN_POINT('',(-0.0267563357164223,0.0368180254406684,0.92));
#1470=CARTESIAN_POINT('',(0.0746125540204502,-0.0125141194954159,0.79424999507388));
#1471=CARTESIAN_POINT('',(0.0740081728643091,-0.0122186877938432,0.795));
#1472=CARTESIAN_POINT('',(-0.0267213582181946,0.0370196057299388,0.92));
#1473=CARTESIAN_POINT('',(0.0749744854522067,-0.0100741759742059,0.79424999507388));
#1474=CARTESIAN_POINT('',(0.0743683036304081,-0.00979088337446124,0.795));
#1475=CARTESIAN_POINT('',(-0.0266613364238447,0.0374242397998358,0.92));
#1476=CARTESIAN_POINT('',(0.0751255025277384,-0.00884976187309673,0.79424999507388));
#1477=CARTESIAN_POINT('',(0.0745185693722955,-0.008572560925607,0.795));
#1478=CARTESIAN_POINT('',(-0.0266362921335302,0.0376272935413115,0.92));
#1479=CARTESIAN_POINT('',(0.0753672756431586,-0.00639499823709271,0.79424999507388));
#1480=CARTESIAN_POINT('',(0.074759139628534,-0.0061300101238272,0.795));
#1481=CARTESIAN_POINT('',(-0.0265961970908238,0.0380343853416082,0.92));
#1482=CARTESIAN_POINT('',(0.0754580316596539,-0.0051646489397113,0.79424999507388));
#1483=CARTESIAN_POINT('',(0.0748494441196083,-0.00490578200723339,0.795));
#1484=CARTESIAN_POINT('',(-0.0265811463423114,0.0382384233610405,0.92));
#1485=CARTESIAN_POINT('',(0.0755790640061259,-0.00270097892952424,0.79424999507388));
#1486=CARTESIAN_POINT('',(0.0749698743111675,-0.00245436914187945,0.795));
#1487=CARTESIAN_POINT('',(-0.0265610746437182,0.0386469921719328,0.92));
#1488=CARTESIAN_POINT('',(0.0756093403243919,-0.00146765845509385,0.79424999507388));
#1489=CARTESIAN_POINT('',(0.075,-0.00122718463030864,0.795));
#1490=CARTESIAN_POINT('',(-0.0265560536955794,0.0388515229238613,0.92));
#1491=CARTESIAN_POINT('',(0.0756093403243919,0.000998982732429712,0.79424999507388));
#1492=CARTESIAN_POINT('',(0.075,0.00122718463030838,0.795));
#1493=CARTESIAN_POINT('',(-0.0265560536955794,0.0392605844672974,0.92));
#1494=CARTESIAN_POINT('',(0.0755790640061259,0.00223230320686028,0.79424999507388));
#1495=CARTESIAN_POINT('',(0.0749698743111675,0.00245436914187938,0.795));
#1496=CARTESIAN_POINT('',(-0.0265610746437182,0.0394651152192259,0.92));
#1497=CARTESIAN_POINT('',(0.0754580316596539,0.00469597321704734,0.79424999507388));
#1498=CARTESIAN_POINT('',(0.0748494441196083,0.00490578200723331,0.795));
#1499=CARTESIAN_POINT('',(-0.0265811463423114,0.0398736840301182,0.92));
#1500=CARTESIAN_POINT('',(0.0753672756431586,0.00592632251442876,0.79424999507388));
#1501=CARTESIAN_POINT('',(0.074759139628534,0.00613001012382713,0.795));
#1502=CARTESIAN_POINT('',(-0.0265961970908238,0.0400777220495505,0.92));
#1503=CARTESIAN_POINT('',(0.0751255025277384,0.00838108615043278,0.79424999507388));
#1504=CARTESIAN_POINT('',(0.0745185693722955,0.00857256092560692,0.795));
#1505=CARTESIAN_POINT('',(-0.0266362921335302,0.0404848138498472,0.92));
#1506=CARTESIAN_POINT('',(0.0749744854522067,0.00960550025154185,0.79424999507388));
#1507=CARTESIAN_POINT('',(0.0743683036304081,0.00979088337446104,0.795));
#1508=CARTESIAN_POINT('',(-0.0266613364238447,0.0406878675913229,0.92));
#1509=CARTESIAN_POINT('',(0.0746125540204502,0.0120454437727518,0.79424999507388));
#1510=CARTESIAN_POINT('',(0.0740081728643091,0.012218687793843,0.795));
#1511=CARTESIAN_POINT('',(-0.0267213582181946,0.0410925016612199,0.92));
#1512=CARTESIAN_POINT('',(0.0744016396992445,0.0132609729567731,0.79424999507388));
#1513=CARTESIAN_POINT('',(0.0737983078749424,0.0134281695294659,0.795));
#1514=CARTESIAN_POINT('',(-0.0267563357164223,0.0412940819504903,0.92));
#1515=CARTESIAN_POINT('',(0.0739204218756724,0.0156802183255326,0.79424999507388));
#1516=CARTESIAN_POINT('',(0.0733194841855422,0.0158353787729532,0.795));
#1517=CARTESIAN_POINT('',(-0.0268361396646557,0.0416952834910716,0.92));
#1518=CARTESIAN_POINT('',(0.0736501184198665,0.0168839342761939,0.79424999507388));
#1519=CARTESIAN_POINT('',(0.0730505255318377,0.0170331060479055,0.795));
#1520=CARTESIAN_POINT('',(-0.0268809661069398,0.0418949047035636,0.92));
#1521=CARTESIAN_POINT('',(0.073250555140199,0.0184790803044037,0.79424999507388));
#1522=CARTESIAN_POINT('',(0.0726529501421752,0.0186203159743578,0.795));
#1523=CARTESIAN_POINT('',(-0.0269472286718835,0.0421594396913057,0.92));
#1524=CARTESIAN_POINT('',(0.0729410930317969,0.0196729876052231,0.79424999507388));
#1525=CARTESIAN_POINT('',(0.0723450276563148,0.0198082833990399,0.795));
#1526=CARTESIAN_POINT('',(-0.0269985490861936,0.042357434262086,0.92));
#1527=CARTESIAN_POINT('',(0.0726023940711562,0.0208590609196719,0.79424999507388));
#1528=CARTESIAN_POINT('',(0.0720080137761428,0.0209884558126628,0.795));
#1529=CARTESIAN_POINT('',(-0.0270547180662223,0.0425541296643565,0.92));
#1530=CARTESIAN_POINT('',(0.0720057039536372,0.0228260846247716,0.79424999507388));
#1531=CARTESIAN_POINT('',(0.0714142922855749,0.0229456932662175,0.795));
#1532=CARTESIAN_POINT('',(-0.0271536716479836,0.0428803359066156,0.92));
#1533=CARTESIAN_POINT('',(0.0716187172875997,0.0239975099823621,0.79424999507388));
#1534=CARTESIAN_POINT('',(0.0710292309389164,0.0241112905988656,0.795));
#1535=CARTESIAN_POINT('',(-0.0272178485390933,0.0430746021287236,0.92));
#1536=CARTESIAN_POINT('',(0.0707877308995637,0.0263199613534109,0.79424999507388));
#1537=CARTESIAN_POINT('',(0.0702023788385368,0.0264221874099673,0.795));
#1538=CARTESIAN_POINT('',(-0.0273556572224899,0.0434597515972406,0.92));
#1539=CARTESIAN_POINT('',(0.0703437312579683,0.0274709871421577,0.79424999507388));
#1540=CARTESIAN_POINT('',(0.0697605881648187,0.0275674866648272,0.795));
#1541=CARTESIAN_POINT('',(-0.027429289001443,0.0436506348063839,0.92));
#1542=CARTESIAN_POINT('',(0.0693997885419136,0.02974986644936,0.79424999507388));
#1543=CARTESIAN_POINT('',(0.0688213417118744,0.0298350281899361,0.795));
#1544=CARTESIAN_POINT('',(-0.0275858300769337,0.044028558393902,0.92));
#1545=CARTESIAN_POINT('',(0.0688998455587868,0.03087771974732,0.79424999507388));
#1546=CARTESIAN_POINT('',(0.0683238860235261,0.0309572702407865,0.795));
#1547=CARTESIAN_POINT('',(-0.0276687393583251,0.0442155987357104,0.92));
#1548=CARTESIAN_POINT('',(0.0678452205553961,0.0331075369708186,0.79424999507388));
#1549=CARTESIAN_POINT('',(0.0672745079449905,0.0331759937737556,0.795));
#1550=CARTESIAN_POINT('',(-0.0278436357047477,0.0445853859912053,0.92));
#1551=CARTESIAN_POINT('',(0.0672905386371738,0.0342095006806087,0.79424999507388));
#1552=CARTESIAN_POINT('',(0.0667225856563371,0.0342724750411991,0.795));
#1553=CARTESIAN_POINT('',(-0.0279356227528566,0.0447681328691125,0.92));
#1554=CARTESIAN_POINT('',(0.0661277720304546,0.0363848839954032,0.79424999507388));
#1555=CARTESIAN_POINT('',(0.0655656039959162,0.0364370354827002,0.795));
#1556=CARTESIAN_POINT('',(-0.0281284530295934,0.045128892942696,0.92));
#1557=CARTESIAN_POINT('',(0.0655196874544625,0.037458303389926,0.79424999507388));
#1558=CARTESIAN_POINT('',(0.0649605447360938,0.0375051144473233,0.795));
#1559=CARTESIAN_POINT('',(-0.0282292962395638,0.0453069061034666,0.92));
#1560=CARTESIAN_POINT('',(0.0642515804510166,0.03957401210707,0.79424999507388));
#1561=CARTESIAN_POINT('',(0.0636987467639471,0.0396102971816598,0.795));
#1562=CARTESIAN_POINT('',(-0.0284395959015882,0.0456577698925226,0.92));
#1563=CARTESIAN_POINT('',(0.06359155814626,0.0406163012249835,0.79424999507388));
#1564=CARTESIAN_POINT('',(0.0630420081737095,0.0406474007476839,0.795));
#1565=CARTESIAN_POINT('',(-0.0285490523332945,0.04583062048686,0.92));
#1566=CARTESIAN_POINT('',(0.0622211657269318,0.0426672384168632,0.79424999507388));
#1567=CARTESIAN_POINT('',(0.0616784336716724,0.0426881342052563,0.795));
#1568=CARTESIAN_POINT('',(-0.0287763147503007,0.0461707427297887,0.92));
#1569=CARTESIAN_POINT('',(0.061510795744954,0.0436758862923886,0.79424999507388));
#1570=CARTESIAN_POINT('',(0.060971597891807,0.0436917638993513,0.795));
#1571=CARTESIAN_POINT('',(-0.0288941207136116,0.0463380143454712,0.92));
#1572=CARTESIAN_POINT('',(0.0600414193051138,0.0456571110716679,0.79424999507388));
#1573=CARTESIAN_POINT('',(0.0595095318302898,0.0456631317745135,0.795));
#1574=CARTESIAN_POINT('',(-0.0291377983905311,0.0466665756579982,0.92));
#1575=CARTESIAN_POINT('',(0.0592824129894226,0.0466296877837261,0.79424999507388));
#1576=CARTESIAN_POINT('',(0.0587543016901019,0.0466308697648388,0.795));
#1577=CARTESIAN_POINT('',(-0.0292636700805624,0.0468278653230525,0.92));
#1578=CARTESIAN_POINT('',(0.0577175923856163,0.0485364272063769,0.79424999507388));
#1579=CARTESIAN_POINT('',(0.0571972663143088,0.0485281228597079,0.795));
#1580=CARTESIAN_POINT('',(-0.0295231759765279,0.0471440741721973,0.92));
#1581=CARTESIAN_POINT('',(0.0569117782489071,0.0494705897324809,0.79424999507388));
#1582=CARTESIAN_POINT('',(0.0563954612293563,0.049457637780681,0.795));
#1583=CARTESIAN_POINT('',(-0.0296568101573533,0.0472989933256928,0.92));
#1584=CARTESIAN_POINT('',(0.0552552832710312,0.0512982502962233,0.79424999507388));
#1585=CARTESIAN_POINT('',(0.0547472075738877,0.0512762054463718,0.795));
#1586=CARTESIAN_POINT('',(-0.0299315190999314,0.0476020879366413,0.92));
#1587=CARTESIAN_POINT('',(0.0544046025901404,0.0521917481570245,0.79424999507388));
#1588=CARTESIAN_POINT('',(0.0539007591628502,0.052165258015132,0.795));
#1589=CARTESIAN_POINT('',(-0.0300725938351044,0.047750263364768,0.92));
#1590=CARTESIAN_POINT('',(0.0526604238796885,0.0539359268674765,0.79424999507388));
#1591=CARTESIAN_POINT('',(0.0521652580151321,0.0539007591628501,0.795));
#1592=CARTESIAN_POINT('',(-0.0303618440263907,0.0480395135560543,0.92));
#1593=CARTESIAN_POINT('',(0.0517669260188872,0.0547866075483672,0.79424999507388));
#1594=CARTESIAN_POINT('',(0.0512762054463718,0.0547472075738876,0.795));
#1595=CARTESIAN_POINT('',(-0.0305100194545174,0.0481805882912273,0.92));
#1596=CARTESIAN_POINT('',(0.0499392654551447,0.0564431025262431,0.79424999507388));
#1597=CARTESIAN_POINT('',(0.049457637780681,0.0563954612293562,0.795));
#1598=CARTESIAN_POINT('',(-0.0308131140654659,0.0484552972338054,0.92));
#1599=CARTESIAN_POINT('',(0.049005102929041,0.0572489166629523,0.79424999507388));
#1600=CARTESIAN_POINT('',(0.0485281228597081,0.0571972663143087,0.795));
#1601=CARTESIAN_POINT('',(-0.0309680332189614,0.0485889314146308,0.92));
#1602=CARTESIAN_POINT('',(0.0470983635063901,0.0588137372667586,0.79424999507388));
#1603=CARTESIAN_POINT('',(0.0466308697648389,0.0587543016901018,0.795));
#1604=CARTESIAN_POINT('',(-0.0312842420681062,0.0488484373105963,0.92));
#1605=CARTESIAN_POINT('',(0.046125786794332,0.0595727435824498,0.79424999507388));
#1606=CARTESIAN_POINT('',(0.0456631317745137,0.0595095318302897,0.795));
#1607=CARTESIAN_POINT('',(-0.0314455317331604,0.0489743090006276,0.92));
#1608=CARTESIAN_POINT('',(0.0441445620150527,0.0610421200222901,0.79424999507388));
#1609=CARTESIAN_POINT('',(0.0436917638993515,0.0609715978918069,0.795));
#1610=CARTESIAN_POINT('',(-0.0317740930456875,0.0492179866775471,0.92));
#1611=CARTESIAN_POINT('',(0.0431359141395273,0.0617524900042678,0.79424999507388));
#1612=CARTESIAN_POINT('',(0.0426881342052566,0.0616784336716723,0.795));
#1613=CARTESIAN_POINT('',(-0.03194136466137,0.049335792640858,0.92));
#1614=CARTESIAN_POINT('',(0.0410849769476475,0.063122882423596,0.79424999507388));
#1615=CARTESIAN_POINT('',(0.040647400747684,0.0630420081737094,0.795));
#1616=CARTESIAN_POINT('',(-0.0322814869042987,0.0495630550578642,0.92));
#1617=CARTESIAN_POINT('',(0.040042687829734,0.0637829047283526,0.79424999507388));
#1618=CARTESIAN_POINT('',(0.0396102971816599,0.063698746763947,0.795));
#1619=CARTESIAN_POINT('',(-0.0324543374986361,0.0496725114895705,0.92));
#1620=CARTESIAN_POINT('',(0.03792697911259,0.0650510117317985,0.79424999507388));
#1621=CARTESIAN_POINT('',(0.0375051144473234,0.0649605447360937,0.795));
#1622=CARTESIAN_POINT('',(-0.0328052012876922,0.0498828111515949,0.92));
#1623=CARTESIAN_POINT('',(0.0368535597180673,0.0656590963077906,0.79424999507388));
#1624=CARTESIAN_POINT('',(0.0364370354827004,0.0655656039959161,0.795));
#1625=CARTESIAN_POINT('',(-0.0329832144484626,0.0499836543615653,0.92));
#1626=CARTESIAN_POINT('',(0.0346781764032728,0.0668218629145098,0.79424999507388));
#1627=CARTESIAN_POINT('',(0.0342724750411993,0.066722585656337,0.795));
#1628=CARTESIAN_POINT('',(-0.0333439745220462,0.0501764846383022,0.92));
#1629=CARTESIAN_POINT('',(0.0335762126934827,0.0673765448327321,0.79424999507388));
#1630=CARTESIAN_POINT('',(0.0331759937737558,0.0672745079449904,0.795));
#1631=CARTESIAN_POINT('',(-0.0335267213999534,0.050268471686411,0.92));
#1632=CARTESIAN_POINT('',(0.0313463954699841,0.0684311698361228,0.79424999507388));
#1633=CARTESIAN_POINT('',(0.0309572702407867,0.068323886023526,0.795));
#1634=CARTESIAN_POINT('',(-0.0338965086554483,0.0504433680328337,0.92));
#1635=CARTESIAN_POINT('',(0.0302185421720241,0.0689311128192496,0.79424999507388));
#1636=CARTESIAN_POINT('',(0.0298350281899363,0.0688213417118743,0.795));
#1637=CARTESIAN_POINT('',(-0.0340835489972567,0.050526277314225,0.92));
#1638=CARTESIAN_POINT('',(0.0279396628648217,0.0698750555353043,0.79424999507388));
#1639=CARTESIAN_POINT('',(0.0275674866648273,0.0697605881648186,0.795));
#1640=CARTESIAN_POINT('',(-0.0344614725847748,0.0506828183897157,0.92));
#1641=CARTESIAN_POINT('',(0.0267886370760749,0.0703190551768997,0.79424999507388));
#1642=CARTESIAN_POINT('',(0.0264221874099674,0.0702023788385367,0.795));
#1643=CARTESIAN_POINT('',(-0.0346523557939182,0.0507564501686688,0.92));
#1644=CARTESIAN_POINT('',(0.0244661857050261,0.0711500415649358,0.79424999507388));
#1645=CARTESIAN_POINT('',(0.0241112905988657,0.0710292309389164,0.795));
#1646=CARTESIAN_POINT('',(-0.0350375052624351,0.0508942588520654,0.92));
#1647=CARTESIAN_POINT('',(0.0232947603474355,0.0715370282309733,0.79424999507388));
#1648=CARTESIAN_POINT('',(0.0229456932662175,0.0714142922855749,0.795));
#1649=CARTESIAN_POINT('',(-0.0352317714845431,0.0509584357431751,0.92));
#1650=CARTESIAN_POINT('',(0.0209343319013158,0.0722530563719962,0.79424999507388));
#1651=CARTESIAN_POINT('',(0.0205970083219519,0.0721267580742564,0.795));
#1652=CARTESIAN_POINT('',(-0.0356232189752541,0.0510771800412887,0.92));
#1653=CARTESIAN_POINT('',(0.0197453290411728,0.0725820977777013,0.79424999507388));
#1654=CARTESIAN_POINT('',(0.0194139209375842,0.0724541624473439,0.795));
#1655=CARTESIAN_POINT('',(-0.035820400205982,0.0511317474368033,0.92));
#1656=CARTESIAN_POINT('',(0.017352609998858,0.0731814426972027,0.79424999507388));
#1657=CARTESIAN_POINT('',(0.0170331060479057,0.0730505255318377,0.795));
#1658=CARTESIAN_POINT('',(-0.0362172026875951,0.0512311412842189,0.92));
#1659=CARTESIAN_POINT('',(0.0161488940481966,0.0734517461530084,0.79424999507388));
#1660=CARTESIAN_POINT('',(0.0158353787729533,0.0733194841855421,0.795));
#1661=CARTESIAN_POINT('',(-0.0364168239000872,0.051275967726503,0.92));
#1662=CARTESIAN_POINT('',(0.0137296486794371,0.0739329639765807,0.79424999507388));
#1663=CARTESIAN_POINT('',(0.013428169529466,0.0737983078749424,0.795));
#1664=CARTESIAN_POINT('',(-0.0368180254406684,0.0513557716747364,0.92));
#1665=CARTESIAN_POINT('',(0.0125141194954157,0.0741438782977863,0.79424999507388));
#1666=CARTESIAN_POINT('',(0.0122186877938431,0.0740081728643091,0.795));
#1667=CARTESIAN_POINT('',(-0.0370196057299389,0.0513907491729642,0.92));
#1668=CARTESIAN_POINT('',(0.0100741759742058,0.0745058097295428,0.79424999507388));
#1669=CARTESIAN_POINT('',(0.0097908833744611,0.0743683036304081,0.795));
#1670=CARTESIAN_POINT('',(-0.0374242397998359,0.0514507709673141,0.92));
#1671=CARTESIAN_POINT('',(0.00884976187309686,0.0746568268050745,0.79424999507388));
#1672=CARTESIAN_POINT('',(0.00857256092560712,0.0745185693722955,0.795));
#1673=CARTESIAN_POINT('',(-0.0376272935413116,0.0514758152576286,0.92));
#1674=CARTESIAN_POINT('',(0.00639499823709284,0.0748985999204947,0.79424999507388));
#1675=CARTESIAN_POINT('',(0.00613001012382733,0.074759139628534,0.795));
#1676=CARTESIAN_POINT('',(-0.0380343853416082,0.0515159103003351,0.92));
#1677=CARTESIAN_POINT('',(0.00516464893971135,0.07498935593699,0.79424999507388));
#1678=CARTESIAN_POINT('',(0.00490578200723344,0.0748494441196083,0.795));
#1679=CARTESIAN_POINT('',(-0.0382384233610405,0.0515309610488475,0.92));
#1680=CARTESIAN_POINT('',(0.00270097892952429,0.0751103882834621,0.79424999507388));
#1681=CARTESIAN_POINT('',(0.00245436914187951,0.0749698743111675,0.795));
#1682=CARTESIAN_POINT('',(-0.0386469921719328,0.0515510327474406,0.92));
#1683=CARTESIAN_POINT('',(0.00146765845509373,0.0751406646017281,0.79424999507388));
#1684=CARTESIAN_POINT('',(0.00122718463030852,0.075,0.795));
#1685=CARTESIAN_POINT('',(-0.0388515229238613,0.0515560536955793,0.92));
#1686=CARTESIAN_POINT('',(-0.000998982732429838,0.0751406646017281,0.79424999507388));
#1687=CARTESIAN_POINT('',(-0.00122718463030851,0.075,0.795));
#1688=CARTESIAN_POINT('',(-0.0392605844672975,0.0515560536955793,0.92));
#1689=CARTESIAN_POINT('',(-0.0022323032068602,0.0751103882834621,0.79424999507388));
#1690=CARTESIAN_POINT('',(-0.0024543691418793,0.0749698743111675,0.795));
#1691=CARTESIAN_POINT('',(-0.0394651152192259,0.0515510327474406,0.92));
#1692=CARTESIAN_POINT('',(-0.00469597321704726,0.07498935593699,0.79424999507388));
#1693=CARTESIAN_POINT('',(-0.00490578200723323,0.0748494441196083,0.795));
#1694=CARTESIAN_POINT('',(-0.0398736840301182,0.0515309610488474,0.92));
#1695=CARTESIAN_POINT('',(-0.00592632251442868,0.0748985999204947,0.79424999507388));
#1696=CARTESIAN_POINT('',(-0.00613001012382705,0.074759139628534,0.795));
#1697=CARTESIAN_POINT('',(-0.0400777220495505,0.051515910300335,0.92));
#1698=CARTESIAN_POINT('',(-0.0083810861504327,0.0746568268050746,0.79424999507388));
#1699=CARTESIAN_POINT('',(-0.00857256092560685,0.0745185693722956,0.795));
#1700=CARTESIAN_POINT('',(-0.0404848138498472,0.0514758152576286,0.92));
#1701=CARTESIAN_POINT('',(-0.0096055002515419,0.0745058097295428,0.79424999507388));
#1702=CARTESIAN_POINT('',(-0.00979088337446109,0.0743683036304081,0.795));
#1703=CARTESIAN_POINT('',(-0.0406878675913229,0.051450770967314,0.92));
#1704=CARTESIAN_POINT('',(-0.0120454437727519,0.0741438782977863,0.79424999507388));
#1705=CARTESIAN_POINT('',(-0.0122186877938431,0.0740081728643091,0.795));
#1706=CARTESIAN_POINT('',(-0.04109250166122,0.0513907491729642,0.92));
#1707=CARTESIAN_POINT('',(-0.0132609729567732,0.0739329639765807,0.79424999507388));
#1708=CARTESIAN_POINT('',(-0.013428169529466,0.0737983078749424,0.795));
#1709=CARTESIAN_POINT('',(-0.0412940819504904,0.0513557716747365,0.92));
#1710=CARTESIAN_POINT('',(-0.0156802183255327,0.0734517461530084,0.79424999507388));
#1711=CARTESIAN_POINT('',(-0.0158353787729533,0.0733194841855421,0.795));
#1712=CARTESIAN_POINT('',(-0.0416952834910717,0.0512759677265031,0.92));
#1713=CARTESIAN_POINT('',(-0.0168839342761938,0.0731814426972027,0.79424999507388));
#1714=CARTESIAN_POINT('',(-0.0170331060479053,0.0730505255318377,0.795));
#1715=CARTESIAN_POINT('',(-0.0418949047035637,0.051231141284219,0.92));
#1716=CARTESIAN_POINT('',(-0.0192766533185085,0.0725820977777014,0.79424999507388));
#1717=CARTESIAN_POINT('',(-0.0194139209375838,0.072454162447344,0.795));
#1718=CARTESIAN_POINT('',(-0.0422917071851767,0.0511317474368034,0.92));
#1719=CARTESIAN_POINT('',(-0.0204656561786518,0.0722530563719962,0.79424999507388));
#1720=CARTESIAN_POINT('',(-0.0205970083219517,0.0721267580742564,0.795));
#1721=CARTESIAN_POINT('',(-0.0424888884159047,0.0510771800412888,0.92));
#1722=CARTESIAN_POINT('',(-0.0228260846247715,0.0715370282309733,0.79424999507388));
#1723=CARTESIAN_POINT('',(-0.0229456932662175,0.0714142922855749,0.795));
#1724=CARTESIAN_POINT('',(-0.0428803359066157,0.0509584357431752,0.92));
#1725=CARTESIAN_POINT('',(-0.0239975099823622,0.0711500415649358,0.79424999507388));
#1726=CARTESIAN_POINT('',(-0.0241112905988657,0.0710292309389164,0.795));
#1727=CARTESIAN_POINT('',(-0.0430746021287237,0.0508942588520655,0.92));
#1728=CARTESIAN_POINT('',(-0.026319961353411,0.0703190551768997,0.79424999507388));
#1729=CARTESIAN_POINT('',(-0.0264221874099674,0.0702023788385367,0.795));
#1730=CARTESIAN_POINT('',(-0.0434597515972407,0.0507564501686689,0.92));
#1731=CARTESIAN_POINT('',(-0.0274709871421577,0.0698750555353044,0.79424999507388));
#1732=CARTESIAN_POINT('',(-0.0275674866648272,0.0697605881648187,0.795));
#1733=CARTESIAN_POINT('',(-0.043650634806384,0.0506828183897159,0.92));
#1734=CARTESIAN_POINT('',(-0.02974986644936,0.0689311128192498,0.79424999507388));
#1735=CARTESIAN_POINT('',(-0.0298350281899361,0.0688213417118744,0.795));
#1736=CARTESIAN_POINT('',(-0.0440285583939021,0.0505262773142251,0.92));
#1737=CARTESIAN_POINT('',(-0.03087771974732,0.0684311698361229,0.79424999507388));
#1738=CARTESIAN_POINT('',(-0.0309572702407865,0.0683238860235261,0.795));
#1739=CARTESIAN_POINT('',(-0.0442155987357105,0.0504433680328338,0.92));
#1740=CARTESIAN_POINT('',(-0.0331075369708186,0.0673765448327322,0.79424999507388));
#1741=CARTESIAN_POINT('',(-0.0331759937737556,0.0672745079449905,0.795));
#1742=CARTESIAN_POINT('',(-0.0445853859912054,0.0502684716864112,0.92));
#1743=CARTESIAN_POINT('',(-0.0342095006806087,0.0668218629145099,0.79424999507388));
#1744=CARTESIAN_POINT('',(-0.0342724750411991,0.0667225856563371,0.795));
#1745=CARTESIAN_POINT('',(-0.0447681328691126,0.0501764846383023,0.92));
#1746=CARTESIAN_POINT('',(-0.0363848839954032,0.0656590963077908,0.79424999507388));
#1747=CARTESIAN_POINT('',(-0.0364370354827002,0.0655656039959162,0.795));
#1748=CARTESIAN_POINT('',(-0.0451288929426961,0.0499836543615654,0.92));
#1749=CARTESIAN_POINT('',(-0.037458303389926,0.0650510117317986,0.79424999507388));
#1750=CARTESIAN_POINT('',(-0.0375051144473234,0.0649605447360938,0.795));
#1751=CARTESIAN_POINT('',(-0.0453069061034667,0.049882811151595,0.92));
#1752=CARTESIAN_POINT('',(-0.0395740121070701,0.0637829047283527,0.79424999507388));
#1753=CARTESIAN_POINT('',(-0.0396102971816598,0.0636987467639471,0.795));
#1754=CARTESIAN_POINT('',(-0.0456577698925227,0.0496725114895706,0.92));
#1755=CARTESIAN_POINT('',(-0.0406163012249834,0.0631228824235962,0.79424999507388));
#1756=CARTESIAN_POINT('',(-0.0406474007476838,0.0630420081737096,0.795));
#1757=CARTESIAN_POINT('',(-0.0458306204868601,0.0495630550578643,0.92));
#1758=CARTESIAN_POINT('',(-0.0426672384168631,0.0617524900042679,0.79424999507388));
#1759=CARTESIAN_POINT('',(-0.0426881342052563,0.0616784336716724,0.795));
#1760=CARTESIAN_POINT('',(-0.0461707427297888,0.0493357926408581,0.92));
#1761=CARTESIAN_POINT('',(-0.0436758862923887,0.0610421200222901,0.79424999507388));
#1762=CARTESIAN_POINT('',(-0.0436917638993514,0.060971597891807,0.795));
#1763=CARTESIAN_POINT('',(-0.0463380143454713,0.0492179866775472,0.92));
#1764=CARTESIAN_POINT('',(-0.045657111071668,0.0595727435824499,0.79424999507388));
#1765=CARTESIAN_POINT('',(-0.0456631317745136,0.0595095318302898,0.795));
#1766=CARTESIAN_POINT('',(-0.0466665756579984,0.0489743090006277,0.92));
#1767=CARTESIAN_POINT('',(-0.0466296877837262,0.0588137372667586,0.79424999507388));
#1768=CARTESIAN_POINT('',(-0.0466308697648389,0.0587543016901018,0.795));
#1769=CARTESIAN_POINT('',(-0.0468278653230526,0.0488484373105964,0.92));
#1770=CARTESIAN_POINT('',(-0.048536427206377,0.0572489166629523,0.79424999507388));
#1771=CARTESIAN_POINT('',(-0.048528122859708,0.0571972663143087,0.795));
#1772=CARTESIAN_POINT('',(-0.0471440741721974,0.0485889314146309,0.92));
#1773=CARTESIAN_POINT('',(-0.0494705897324807,0.0564431025262433,0.79424999507388));
#1774=CARTESIAN_POINT('',(-0.0494576377806808,0.0563954612293564,0.795));
#1775=CARTESIAN_POINT('',(-0.0472989933256929,0.0484552972338055,0.92));
#1776=CARTESIAN_POINT('',(-0.0512982502962231,0.0547866075483674,0.79424999507388));
#1777=CARTESIAN_POINT('',(-0.0512762054463716,0.0547472075738878,0.795));
#1778=CARTESIAN_POINT('',(-0.0476020879366414,0.0481805882912274,0.92));
#1779=CARTESIAN_POINT('',(-0.0521917481570245,0.0539359268674765,0.79424999507388));
#1780=CARTESIAN_POINT('',(-0.052165258015132,0.0539007591628501,0.795));
#1781=CARTESIAN_POINT('',(-0.0477502633647681,0.0480395135560544,0.92));
#1782=CARTESIAN_POINT('',(-0.0539359268674765,0.0521917481570245,0.79424999507388));
#1783=CARTESIAN_POINT('',(-0.0539007591628501,0.052165258015132,0.795));
#1784=CARTESIAN_POINT('',(-0.0480395135560543,0.047750263364768,0.92));
#1785=CARTESIAN_POINT('',(-0.0509136612457963,0.043946467816211,0.92));
#1786=CARTESIAN_POINT('',(-0.0481236491129659,0.0481292729696748,0.92));
#1787=CARTESIAN_POINT('',(-0.0439610730648075,0.0509057710675571,0.92));
#1788=CARTESIAN_POINT('',(-0.0390544335463101,0.0518812259029328,0.92));
#1789=CARTESIAN_POINT('',(-0.0341507748821458,0.0509056471912728,0.92));
#1790=CARTESIAN_POINT('',(-0.0299925121714159,0.048129675672741,0.92));
#1791=CARTESIAN_POINT('',(-0.0272106631498406,0.0439731390517724,0.92));
#1792=CARTESIAN_POINT('',(-0.0262299392015704,0.0390629742443823,0.92));
#1793=CARTESIAN_POINT('',(-0.0272059121047331,0.0341497934848886,0.92));
#1794=CARTESIAN_POINT('',(-0.029984523450883,0.0299904166000559,0.92));
#1795=CARTESIAN_POINT('',(-0.0341405702634119,0.0272105977360616,0.92));
#1796=CARTESIAN_POINT('',(-0.0390433197753306,0.026231181723472,0.92));
#1797=CARTESIAN_POINT('',(-0.0439496845464763,0.0272010328712221,0.92));
#1798=CARTESIAN_POINT('',(-0.0481157000190409,0.0299770346782296,0.92));
#1799=CARTESIAN_POINT('',(-0.0509026654699203,0.0341400166377736,0.92));
#1800=CARTESIAN_POINT('',(-0.0518799928800692,0.0390474804355047,0.92));
#1801=CARTESIAN_POINT('',(-0.0509136612457963,0.043946467816211,0.92));
#1802=CARTESIAN_POINT('',(-0.0481236491129659,0.0481292729696748,0.92));
#1803=CARTESIAN_POINT('',(-0.0439610730648075,0.0509057710675571,0.92));
#1804=CARTESIAN_POINT('',(-0.0478948884604112,0.0478948884604112,0.92));
#1805=CARTESIAN_POINT('',(0.,6.12323399573677E-18,0.025));
#1806=CARTESIAN_POINT('',(0.,4.59242549680257E-18,0.0316987298107781));
#1807=CARTESIAN_POINT('',(0.1,4.59242549680257E-18,0.0316987298107781));
#1808=CARTESIAN_POINT('',(0.,6.12323399573677E-18,0.));
#1809=CARTESIAN_POINT('',(0.1,6.12323399573677E-18,0.));
#1810=CARTESIAN_POINT('',(0.,0.,0.));
#1811=CARTESIAN_POINT('',(0.,9.20015907859449E-18,0.335));
#1812=CARTESIAN_POINT('',(0.,9.20015907859449E-18,0.335));
#1813=CARTESIAN_POINT('',(0.07525,9.20015907859449E-18,0.335));
#1814=CARTESIAN_POINT('',(0.,9.20015907859449E-18,0.33));
#1815=CARTESIAN_POINT('',(0.07525,9.20015907859449E-18,0.33));
#1816=CARTESIAN_POINT('',(0.,0.,0.335));
#1817=CARTESIAN_POINT('',(0.,4.59242549680257E-18,0.335));
#1818=CARTESIAN_POINT('',(0.075,4.59242549680257E-18,0.335));
#1819=CARTESIAN_POINT('',(0.,0.,0.33));
#1820=CARTESIAN_POINT('',(0.,9.20015907859449E-18,0.645));
#1821=CARTESIAN_POINT('',(0.,9.20015907859449E-18,0.645));
#1822=CARTESIAN_POINT('',(0.07525,9.20015907859449E-18,0.645));
#1823=CARTESIAN_POINT('',(0.,9.20015907859449E-18,0.64));
#1824=CARTESIAN_POINT('',(0.07525,9.20015907859449E-18,0.64));
#1825=CARTESIAN_POINT('',(0.,0.,0.645));
#1826=CARTESIAN_POINT('',(0.,0.,0.64));
#1827=CARTESIAN_POINT('',(0.,4.59242549680257E-18,0.64));
#1828=CARTESIAN_POINT('',(0.075,4.59242549680257E-18,0.64));
#1829=CARTESIAN_POINT('',(0.,9.20015907859449E-18,0.49));
#1830=CARTESIAN_POINT('',(0.,9.20015907859449E-18,0.49));
#1831=CARTESIAN_POINT('',(0.07525,9.20015907859449E-18,0.49));
#1832=CARTESIAN_POINT('',(0.,9.20015907859449E-18,0.485));
#1833=CARTESIAN_POINT('',(0.07525,9.20015907859449E-18,0.485));
#1834=CARTESIAN_POINT('',(0.,0.,0.49));
#1835=CARTESIAN_POINT('',(0.,4.59242549680257E-18,0.49));
#1836=CARTESIAN_POINT('',(0.075,4.59242549680257E-18,0.49));
#1837=CARTESIAN_POINT('',(0.,0.,0.485));
#1838=CARTESIAN_POINT('',(0.,4.59242549680257E-18,0.485));
#1839=CARTESIAN_POINT('',(0.075,4.59242549680257E-18,0.485));
#1840=CARTESIAN_POINT('',(0.,4.59242549680257E-18,0.485));
#1841=CARTESIAN_POINT('',(0.,4.59242549680257E-18,0.64));
#1842=CARTESIAN_POINT('',(-0.0468672644346952,0.0468672644346952,0.92));
#1843=CARTESIAN_POINT('',(0.,4.59242549680257E-18,0.075));
#1844=CARTESIAN_POINT('',(-0.0707106781186547,0.0707106781186548,0.685));
#1845=CARTESIAN_POINT('',(-0.0707106781186547,0.0707106781186548,0.685));
#1846=CARTESIAN_POINT('',(-0.0813172798364529,0.0601040764008566,0.685));
#1847=CARTESIAN_POINT('',(-0.0707106781186547,0.0707106781186548,0.4275));
#1848=CARTESIAN_POINT('',(-0.0707106781186548,0.0707106781186548,0.17));
#1849=CARTESIAN_POINT('',(-0.0707106781186548,0.0707106781186548,0.17));
#1850=CARTESIAN_POINT('',(-0.081317279836453,0.0601040764008566,0.17));
#1851=CARTESIAN_POINT('',(-0.0707106781186547,0.0707106781186548,0.4275));
#1852=CARTESIAN_POINT('',(-1.90819582357449E-17,-0.187867935102104,-0.01));
#1853=CARTESIAN_POINT('',(4.20891447742662E-17,0.187867935102104,-0.01));
#1854=CARTESIAN_POINT('',(4.20891447742662E-17,0.187867935102104,-0.01));
#1855=CARTESIAN_POINT('',(0.,6.12323399573677E-18,0.825));
#1856=CARTESIAN_POINT('',(0.,6.12323399573677E-18,0.825));
#1857=CARTESIAN_POINT('',(0.1,6.12323399573677E-18,0.825));
#1858=CARTESIAN_POINT('',(0.,6.12323399573677E-18,0.125));
#1859=CARTESIAN_POINT('',(0.1,6.12323399573677E-18,0.125));
#1860=CARTESIAN_POINT('',(-0.00592015042033153,0.0998767052060834,0.689207689065416));
#1861=CARTESIAN_POINT('',(4.91578054252794E-6,0.100061428283734,0.690394655558698));
#1862=CARTESIAN_POINT('',(0.00590048729816142,0.0998775816589797,0.689213688699792));
#1863=CARTESIAN_POINT('',(0.0108832606114234,0.0994361175137213,0.685879593227874));
#1864=CARTESIAN_POINT('',(0.014213753137079,0.0989925838607869,0.680899875196219));
#1865=CARTESIAN_POINT('',(0.0153913851299014,0.098806858836672,0.675009453545064));
#1866=CARTESIAN_POINT('',(0.0142206918868869,0.09899158098436,0.669113321963966));
#1867=CARTESIAN_POINT('',(0.0108854219896225,0.0994359429898669,0.664120908688142));
#1868=CARTESIAN_POINT('',(0.00589874560556627,0.0998778057329817,0.660784955397085));
#1869=CARTESIAN_POINT('',(5.75678588664581E-6,0.100060934762864,0.659608621429154));
#1870=CARTESIAN_POINT('',(-0.00588717721476561,0.0998784542181858,0.660780565535473));
#1871=CARTESIAN_POINT('',(-0.0108709508718887,0.0994375047365704,0.664108529104866));
#1872=CARTESIAN_POINT('',(-0.0142091373929308,0.0989933237747611,0.669086271089916));
#1873=CARTESIAN_POINT('',(-0.0153927560047313,0.0988066244950924,0.674987055259826));
#1874=CARTESIAN_POINT('',(-0.0142198062436667,0.0989917811506158,0.680889205806995));
#1875=CARTESIAN_POINT('',(-0.0108872282006708,0.0994354278162192,0.685873354529181));
#1876=CARTESIAN_POINT('',(-0.00592015042033153,0.0998767052060834,0.689207689065416));
#1877=CARTESIAN_POINT('',(4.91578054252794E-6,0.100061428283734,0.690394655558698));
#1878=CARTESIAN_POINT('',(0.00590048729816142,0.0998775816589797,0.689213688699792));
#1879=CARTESIAN_POINT('',(1.40381954694173E-17,0.1,0.69));
#1880=CARTESIAN_POINT('',(0.00592015042033153,-0.0998767052060834,0.689207689065416));
#1881=CARTESIAN_POINT('',(-4.91578054262021E-6,-0.100061428283734,0.690394655558698));
#1882=CARTESIAN_POINT('',(-0.00590048729816146,-0.0998775816589797,0.689213688699792));
#1883=CARTESIAN_POINT('',(-0.0108832606114234,-0.0994361175137213,0.685879593227874));
#1884=CARTESIAN_POINT('',(-0.0142137531370792,-0.0989925838607869,0.680899875196219));
#1885=CARTESIAN_POINT('',(-0.0153913851299015,-0.0988068588366719,0.675009453545064));
#1886=CARTESIAN_POINT('',(-0.014220691886887,-0.09899158098436,0.669113321963966));
#1887=CARTESIAN_POINT('',(-0.0108854219896227,-0.0994359429898668,0.664120908688143));
#1888=CARTESIAN_POINT('',(-0.00589874560556647,-0.0998778057329817,0.660784955397085));
#1889=CARTESIAN_POINT('',(-5.75678588679258E-6,-0.100060934762864,0.659608621429154));
#1890=CARTESIAN_POINT('',(0.00588717721476544,-0.0998784542181858,0.660780565535472));
#1891=CARTESIAN_POINT('',(0.0108709508718886,-0.0994375047365704,0.664108529104866));
#1892=CARTESIAN_POINT('',(0.0142091373929307,-0.0989933237747611,0.669086271089916));
#1893=CARTESIAN_POINT('',(0.0153927560047312,-0.0988066244950924,0.674987055259826));
#1894=CARTESIAN_POINT('',(0.0142198062436666,-0.0989917811506158,0.680889205806995));
#1895=CARTESIAN_POINT('',(0.0108872282006707,-0.0994354278162193,0.685873354529181));
#1896=CARTESIAN_POINT('',(0.00592015042033153,-0.0998767052060834,0.689207689065416));
#1897=CARTESIAN_POINT('',(-4.91578054262021E-6,-0.100061428283734,0.690394655558698));
#1898=CARTESIAN_POINT('',(-0.00590048729816146,-0.0998775816589797,0.689213688699792));
#1899=CARTESIAN_POINT('',(-7.03101940466696E-17,-0.1,0.69));
#1900=CARTESIAN_POINT('',(-0.00592015042033154,0.0998767052060834,0.174207689065415));
#1901=CARTESIAN_POINT('',(4.91578054253748E-6,0.100061428283734,0.175394655558698));
#1902=CARTESIAN_POINT('',(0.00590048729816137,0.0998775816589797,0.174213688699792));
#1903=CARTESIAN_POINT('',(0.0108832606114233,0.0994361175137213,0.170879593227874));
#1904=CARTESIAN_POINT('',(0.0142137531370791,0.0989925838607868,0.165899875196219));
#1905=CARTESIAN_POINT('',(0.0153913851299015,0.0988068588366719,0.160009453545064));
#1906=CARTESIAN_POINT('',(0.0142206918868869,0.09899158098436,0.154113321963966));
#1907=CARTESIAN_POINT('',(0.0108854219896227,0.0994359429898668,0.149120908688142));
#1908=CARTESIAN_POINT('',(0.00589874560556635,0.0998778057329817,0.145784955397085));
#1909=CARTESIAN_POINT('',(5.7567858867863E-6,0.100060934762864,0.144608621429154));
#1910=CARTESIAN_POINT('',(-0.00588717721476562,0.0998784542181858,0.145780565535472));
#1911=CARTESIAN_POINT('',(-0.0108709508718885,0.0994375047365704,0.149108529104866));
#1912=CARTESIAN_POINT('',(-0.0142091373929308,0.0989933237747611,0.154086271089916));
#1913=CARTESIAN_POINT('',(-0.0153927560047312,0.0988066244950924,0.159987055259826));
#1914=CARTESIAN_POINT('',(-0.0142198062436667,0.0989917811506158,0.165889205806995));
#1915=CARTESIAN_POINT('',(-0.0108872282006707,0.0994354278162192,0.170873354529181));
#1916=CARTESIAN_POINT('',(-0.00592015042033154,0.0998767052060834,0.174207689065415));
#1917=CARTESIAN_POINT('',(4.91578054253748E-6,0.100061428283734,0.175394655558698));
#1918=CARTESIAN_POINT('',(0.00590048729816137,0.0998775816589797,0.174213688699792));
#1919=CARTESIAN_POINT('',(-1.73736965679619E-18,0.1,0.175));
#1920=CARTESIAN_POINT('',(0.0059201504203315,-0.0998767052060833,0.174207689065415));
#1921=CARTESIAN_POINT('',(-4.91578054252555E-6,-0.100061428283734,0.175394655558698));
#1922=CARTESIAN_POINT('',(-0.00590048729816137,-0.0998775816589797,0.174213688699792));
#1923=CARTESIAN_POINT('',(-0.0108832606114233,-0.0994361175137213,0.170879593227874));
#1924=CARTESIAN_POINT('',(-0.0142137531370791,-0.0989925838607869,0.165899875196219));
#1925=CARTESIAN_POINT('',(-0.0153913851299015,-0.0988068588366719,0.160009453545064));
#1926=CARTESIAN_POINT('',(-0.0142206918868869,-0.09899158098436,0.154113321963966));
#1927=CARTESIAN_POINT('',(-0.0108854219896226,-0.0994359429898668,0.149120908688142));
#1928=CARTESIAN_POINT('',(-0.00589874560556644,-0.0998778057329817,0.145784955397085));
#1929=CARTESIAN_POINT('',(-5.75678588675981E-6,-0.100060934762864,0.144608621429154));
#1930=CARTESIAN_POINT('',(0.00588717721476562,-0.0998784542181858,0.145780565535472));
#1931=CARTESIAN_POINT('',(0.0108709508718885,-0.0994375047365704,0.149108529104866));
#1932=CARTESIAN_POINT('',(0.0142091373929308,-0.0989933237747611,0.154086271089916));
#1933=CARTESIAN_POINT('',(0.0153927560047312,-0.0988066244950924,0.159987055259826));
#1934=CARTESIAN_POINT('',(0.0142198062436666,-0.0989917811506158,0.165889205806995));
#1935=CARTESIAN_POINT('',(0.0108872282006709,-0.0994354278162193,0.170873354529181));
#1936=CARTESIAN_POINT('',(0.0059201504203315,-0.0998767052060833,0.174207689065415));
#1937=CARTESIAN_POINT('',(-4.91578054252555E-6,-0.100061428283734,0.175394655558698));
#1938=CARTESIAN_POINT('',(-0.00590048729816137,-0.0998775816589797,0.174213688699792));
#1939=CARTESIAN_POINT('',(3.49919818709144E-18,-0.1,0.175));
#1940=CARTESIAN_POINT('',(0.,3.06161699786838E-18,0.025));
#1941=CARTESIAN_POINT('',(0.,3.06161699786838E-18,0.019));
#1942=CARTESIAN_POINT('',(0.05,3.06161699786838E-18,0.019));
#1943=CARTESIAN_POINT('',(0.,3.06161699786838E-18,0.));
#1944=CARTESIAN_POINT('',(0.05,3.06161699786838E-18,0.));
#1945=CARTESIAN_POINT('',(0.,0.,0.025));
#1946=CARTESIAN_POINT('',(0.,5.35782974626967E-18,0.025));
#1947=CARTESIAN_POINT('',(0.0435,5.35782974626967E-18,0.025));
#1948=CARTESIAN_POINT('',(0.,3.06161699786838E-18,0.025));
#1949=CARTESIAN_POINT('',(0.044,3.06161699786838E-18,0.025));
#1950=CARTESIAN_POINT('',(0.,0.,0.));
#1951=CARTESIAN_POINT('',(0.,5.35782974626967E-18,0.075));
#1952=CARTESIAN_POINT('',(0.,5.35782974626967E-18,0.0721162509150806));
#1953=CARTESIAN_POINT('',(0.0375,5.35782974626967E-18,0.0721162509150806));
#1954=CARTESIAN_POINT('',(0.,5.35782974626967E-18,0.031));
#1955=CARTESIAN_POINT('',(0.0375,5.35782974626967E-18,0.031));
#1956=CARTESIAN_POINT('',(0.,5.35782974626967E-18,0.075));
#1957=CARTESIAN_POINT('',(0.,5.35782974626967E-18,0.0768014637717388));
#1958=CARTESIAN_POINT('',(-0.0397518297146734,5.35782974626967E-18,0.0768014637717388));
#1959=CARTESIAN_POINT('',(0.,5.35782974626967E-18,0.0721162509150806));
#1960=CARTESIAN_POINT('',(0.,5.35782974626967E-18,0.031));
#1961=CARTESIAN_POINT('',(0.,3.06161699786838E-18,0.019));
#1962=CARTESIAN_POINT('',(0.,6.13854208072611E-18,0.83));
#1963=CARTESIAN_POINT('',(0.,6.13854208072611E-18,0.83));
#1964=CARTESIAN_POINT('',(0.10025,6.13854208072611E-18,0.83));
#1965=CARTESIAN_POINT('',(0.,6.13854208072611E-18,0.825));
#1966=CARTESIAN_POINT('',(0.10025,6.13854208072611E-18,0.825));
#1967=CARTESIAN_POINT('',(0.,0.,0.83));
#1968=CARTESIAN_POINT('',(0.,6.12323399573677E-18,0.83));
#1969=CARTESIAN_POINT('',(0.1,6.12323399573677E-18,0.83));
#1970=CARTESIAN_POINT('',(0.,0.,0.825));
#1971=CARTESIAN_POINT('',(0.,6.12323399573677E-18,1.23));
#1972=CARTESIAN_POINT('',(0.,6.12323399573677E-18,1.23));
#1973=CARTESIAN_POINT('',(0.1,6.12323399573677E-18,1.23));
#1974=CARTESIAN_POINT('',(0.,0.,1.22541149195156));
#1975=CARTESIAN_POINT('',(0.,0.,1.42780428483075));
#1976=CARTESIAN_POINT('',(0.0156912630780534,0.,1.42780428483075));
#1977=CARTESIAN_POINT('',(0.0078456315390267,0.,1.42780428483075));
#1978=CARTESIAN_POINT('',(-6.24500451351651E-17,-0.1,0.675));
#1979=CARTESIAN_POINT('',(1.7347234759768E-18,-0.1,0.16));
#1980=CARTESIAN_POINT('',(0.,0.,0.));
#1981=MECHANICAL_DESIGN_GEOMETRIC_PRESENTATION_REPRESENTATION('',(#559,
#560,#41,#42,#43,#44,#45,#46,#561,#47,#48,#49,#50,#51),#1982);
#1982=(
GEOMETRIC_REPRESENTATION_CONTEXT(3)
GLOBAL_UNCERTAINTY_ASSIGNED_CONTEXT((#1986))
GLOBAL_UNIT_ASSIGNED_CONTEXT((#1992,#1991,#1990))
REPRESENTATION_CONTEXT('Ariane 5 Recreation','TOP_LEVEL_ASSEMBLY_PART')
);
#1983=(
GEOMETRIC_REPRESENTATION_CONTEXT(3)
GLOBAL_UNCERTAINTY_ASSIGNED_CONTEXT((#1987))
GLOBAL_UNIT_ASSIGNED_CONTEXT((#1992,#1991,#1990))
REPRESENTATION_CONTEXT('Part 2','COMPONENT_PART')
);
#1984=(
GEOMETRIC_REPRESENTATION_CONTEXT(3)
GLOBAL_UNCERTAINTY_ASSIGNED_CONTEXT((#1988))
GLOBAL_UNIT_ASSIGNED_CONTEXT((#1992,#1991,#1990))
REPRESENTATION_CONTEXT('Part 1','COMPONENT_PART')
);
#1985=(
GEOMETRIC_REPRESENTATION_CONTEXT(3)
GLOBAL_UNCERTAINTY_ASSIGNED_CONTEXT((#1989))
GLOBAL_UNIT_ASSIGNED_CONTEXT((#1992,#1991,#1990))
REPRESENTATION_CONTEXT('Core Stage','COMPONENT_PART')
);
#1986=UNCERTAINTY_MEASURE_WITH_UNIT(LENGTH_MEASURE(1.E-8),#1992,
'DISTANCE_ACCURACY_VALUE','Maximum Tolerance applied to model');
#1987=UNCERTAINTY_MEASURE_WITH_UNIT(LENGTH_MEASURE(1.E-8),#1992,
'DISTANCE_ACCURACY_VALUE','Maximum Tolerance applied to model');
#1988=UNCERTAINTY_MEASURE_WITH_UNIT(LENGTH_MEASURE(2.E-5),#1992,
'DISTANCE_ACCURACY_VALUE','Maximum Tolerance applied to model');
#1989=UNCERTAINTY_MEASURE_WITH_UNIT(LENGTH_MEASURE(2.E-5),#1992,
'DISTANCE_ACCURACY_VALUE','Maximum Tolerance applied to model');
#1990=(
NAMED_UNIT(*)
SI_UNIT($,.STERADIAN.)
SOLID_ANGLE_UNIT()
);
#1991=(
NAMED_UNIT(*)
PLANE_ANGLE_UNIT()
SI_UNIT($,.RADIAN.)
);
#1992=(
LENGTH_UNIT()
NAMED_UNIT(*)
SI_UNIT($,.METRE.)
);
#1993=PRODUCT_DEFINITION_SHAPE('','',#2002);
#1994=PRODUCT_DEFINITION_SHAPE('','',#2003);
#1995=PRODUCT_DEFINITION_SHAPE(' ','NAUO PRDDFN',#355);
#1996=PRODUCT_DEFINITION_SHAPE('','',#2004);
#1997=PRODUCT_DEFINITION_SHAPE(' ','NAUO PRDDFN',#356);
#1998=PRODUCT_DEFINITION_SHAPE(' ','NAUO PRDDFN',#357);
#1999=PRODUCT_DEFINITION_SHAPE(' ','NAUO PRDDFN',#358);
#2000=PRODUCT_DEFINITION_SHAPE('','',#2005);
#2001=PRODUCT_DEFINITION_SHAPE(' ','NAUO PRDDFN',#359);
#2002=PRODUCT_DEFINITION('','',#2010,#2006);
#2003=PRODUCT_DEFINITION('','',#2011,#2007);
#2004=PRODUCT_DEFINITION('','',#2012,#2008);
#2005=PRODUCT_DEFINITION('','',#2013,#2009);
#2006=PRODUCT_DEFINITION_CONTEXT('',#2031,'design');
#2007=PRODUCT_DEFINITION_CONTEXT('',#2031,'design');
#2008=PRODUCT_DEFINITION_CONTEXT('',#2031,'design');
#2009=PRODUCT_DEFINITION_CONTEXT('',#2031,'design');
#2010=PRODUCT_DEFINITION_FORMATION_WITH_SPECIFIED_SOURCE('','',#2018,
 .NOT_KNOWN.);
#2011=PRODUCT_DEFINITION_FORMATION_WITH_SPECIFIED_SOURCE('','',#2019,
 .NOT_KNOWN.);
#2012=PRODUCT_DEFINITION_FORMATION_WITH_SPECIFIED_SOURCE('','',#2020,
 .NOT_KNOWN.);
#2013=PRODUCT_DEFINITION_FORMATION_WITH_SPECIFIED_SOURCE('','',#2021,
 .NOT_KNOWN.);
#2014=PRODUCT_RELATED_PRODUCT_CATEGORY('','',(#2018));
#2015=PRODUCT_RELATED_PRODUCT_CATEGORY('','',(#2019));
#2016=PRODUCT_RELATED_PRODUCT_CATEGORY('','',(#2020));
#2017=PRODUCT_RELATED_PRODUCT_CATEGORY('','',(#2021));
#2018=PRODUCT('Ariane 5 Recreation','Ariane 5 Recreation',
'Ariane 5 Recreation',(#2026));
#2019=PRODUCT('Part 2','Part 2','Part 2',(#2027));
#2020=PRODUCT('Part 1','Part 1','Part 1',(#2028));
#2021=PRODUCT('Core Stage','Core Stage','Core Stage',(#2029));
#2022=PRODUCT_CATEGORY('','');
#2023=PRODUCT_CATEGORY('','');
#2024=PRODUCT_CATEGORY('','');
#2025=PRODUCT_CATEGORY('','');
#2026=PRODUCT_CONTEXT('',#2031,'mechanical');
#2027=PRODUCT_CONTEXT('',#2031,'mechanical');
#2028=PRODUCT_CONTEXT('',#2031,'mechanical');
#2029=PRODUCT_CONTEXT('',#2031,'mechanical');
#2030=APPLICATION_PROTOCOL_DEFINITION('international standard',
'ap242_managed_model_based_3d_engineering',2020,#2031);
#2031=APPLICATION_CONTEXT('managed model based 3d engineering');
ENDSEC;
END-ISO-10303-21;
